E_total_Eh,E_total_kcal_mol,E_disp_Eh,E_HOMO_eV,E_LUMO_eV,Gap_eV,Dipole_Debye,Hardness_eta_eV,Chemical_Potential_mu_eV,Electronegativity_chi_eV,Electrophilicity_omega_eV,Softness_S_eV_inv,name,returncode,opt_xyz_path
-126.352121438317,-79287.15654769758,0.0,-9.6181,-8.4666,1.151451361387,0.0,0.5758,-9.0423,9.0423,71.0066,0.8684,MRTX1133,0,c:\Users\Andre\Proyectos doctorado\kras-pancreatic-gC3N4-ai\scratch\qm_calcs_molecules\MRTX1133\xtbopt.xyz
-94.835988498223,-59510.483724525664,0.0,-9.4027,-7.9576,1.445113955006,0.0,0.7225,-8.6801,8.6801,52.1383,0.692,BI-2865,0,c:\Users\Andre\Proyectos doctorado\kras-pancreatic-gC3N4-ai\scratch\qm_calcs_molecules\BI-2865\xtbopt.xyz
-170.831987855673,-107198.69528331944,0.0,-9.6911,-7.2551,2.435995041423,0.0,1.218,-8.4731,8.4731,29.4718,0.4105,RMC-6236,0,c:\Users\Andre\Proyectos doctorado\kras-pancreatic-gC3N4-ai\scratch\qm_calcs_molecules\RMC-6236\xtbopt.xyz
-134.713698414616,-84534.12553530648,0.0,-9.9288,-7.9751,1.953633525927,0.0,0.9769,-8.952,8.952,41.0183,0.5118,HRS-4642,0,c:\Users\Andre\Proyectos doctorado\kras-pancreatic-gC3N4-ai\scratch\qm_calcs_molecules\HRS-4642\xtbopt.xyz
-105.445552227393,-66168.08575543527,0.0,-9.8659,-7.2056,2.660320386106,0.0,1.3302,-8.5358,8.5358,27.3875,0.3759,JDQ-443,0,c:\Users\Andre\Proyectos doctorado\kras-pancreatic-gC3N4-ai\scratch\qm_calcs_molecules\JDQ-443\xtbopt.xyz
-118.818894734577,-74559.98522544705,0.0,-10.215,-8.7866,1.428341211876,0.0,0.7142,-9.5008,9.5008,63.1932,0.7001,Sotorasib,0,c:\Users\Andre\Proyectos doctorado\kras-pancreatic-gC3N4-ai\scratch\qm_calcs_molecules\Sotorasib\xtbopt.xyz
-124.271687113662,-77981.66424485049,0.0,-9.6027,-7.8881,1.714544371784,0.0,0.8573,-8.7454,8.7454,44.6063,0.5832,Adagrasib,0,c:\Users\Andre\Proyectos doctorado\kras-pancreatic-gC3N4-ai\scratch\qm_calcs_molecules\Adagrasib\xtbopt.xyz
-106.398787253169,-66766.24978984246,0.0,-9.6976,-6.7377,2.959948825939,0.0,1.4799,-8.2176,8.2176,22.8149,0.3378,BI-2852,0,c:\Users\Andre\Proyectos doctorado\kras-pancreatic-gC3N4-ai\scratch\qm_calcs_molecules\BI-2852\xtbopt.xyz
-93.314622431746,-58555.81206483372,0.0,-10.5594,-8.2904,2.269037943815,0.0,1.1345,-9.4249,9.4249,39.1488,0.4407,MRTX1719,0,c:\Users\Andre\Proyectos doctorado\kras-pancreatic-gC3N4-ai\scratch\qm_calcs_molecules\MRTX1719\xtbopt.xyz
-182.344116278006,-114422.6652335534,0.0,-9.6398,-7.0155,2.624279991438,0.0,1.3121,-8.3277,8.3277,26.426,0.3811,RMC-7977,0,c:\Users\Andre\Proyectos doctorado\kras-pancreatic-gC3N4-ai\scratch\qm_calcs_molecules\RMC-7977\xtbopt.xyz
-106.918858879664,-67092.59967614851,0.0,-10.3744,-7.9146,2.459749192257,0.0,1.2299,-9.1445,9.1445,33.9954,0.4065,Trametinib,0,c:\Users\Andre\Proyectos doctorado\kras-pancreatic-gC3N4-ai\scratch\qm_calcs_molecules\Trametinib\xtbopt.xyz
-90.599703502497,-56852.17464500014,0.0,-10.2759,-7.6885,2.587372439058,0.0,1.2937,-8.9822,8.9822,31.1818,0.3865,Cobimetinib,0,c:\Users\Andre\Proyectos doctorado\kras-pancreatic-gC3N4-ai\scratch\qm_calcs_molecules\Cobimetinib\xtbopt.xyz
-81.291835779203,-51011.399223889784,0.0,-10.0894,-7.8825,2.206923571868,0.0,1.1034,-8.9859,8.9859,36.5886,0.4531,Selumetinib,0,c:\Users\Andre\Proyectos doctorado\kras-pancreatic-gC3N4-ai\scratch\qm_calcs_molecules\Selumetinib\xtbopt.xyz
-81.46781611885,-51121.828558831505,0.0,-10.1527,-7.8523,2.300404516756,0.0,1.1502,-9.0025,9.0025,35.2308,0.4347,Binimetinib,0,c:\Users\Andre\Proyectos doctorado\kras-pancreatic-gC3N4-ai\scratch\qm_calcs_molecules\Binimetinib\xtbopt.xyz
-83.792930508025,-52580.85992662551,0.0,-9.8167,-7.6905,2.12619016027,0.0,1.0631,-8.7536,8.7536,36.0387,0.4703,Erlotinib,0,c:\Users\Andre\Proyectos doctorado\kras-pancreatic-gC3N4-ai\scratch\qm_calcs_molecules\Erlotinib\xtbopt.xyz
-91.401074714312,-57355.04269344057,0.0,-9.3432,-7.3013,2.041898587488,0.0,1.0209,-8.3223,8.3223,33.9193,0.4897,Larotrectinib,0,c:\Users\Andre\Proyectos doctorado\kras-pancreatic-gC3N4-ai\scratch\qm_calcs_molecules\Larotrectinib\xtbopt.xyz
-107.063261902183,-67183.21394460791,0.0,-9.2147,-7.878,1.336725934511,0.0,0.6684,-8.5464,8.5464,54.6421,0.7481,Abemaciclib,0,c:\Users\Andre\Proyectos doctorado\kras-pancreatic-gC3N4-ai\scratch\qm_calcs_molecules\Abemaciclib\xtbopt.xyz
-94.851608064294,-59520.28515062109,0.0,-9.5421,-7.928,1.614093795718,0.0,0.807,-8.735,8.735,47.2716,0.6195,Palbociclib,0,c:\Users\Andre\Proyectos doctorado\kras-pancreatic-gC3N4-ai\scratch\qm_calcs_molecules\Palbociclib\xtbopt.xyz
-59.404752143522,-37277.04631520542,0.0,-10.8827,-7.7219,3.160790976627,0.0,1.5804,-9.3023,9.3023,27.3769,0.3164,Gemcitabine,0,c:\Users\Andre\Proyectos doctorado\kras-pancreatic-gC3N4-ai\scratch\qm_calcs_molecules\Gemcitabine\xtbopt.xyz
-28.827557350502,-18089.566099234835,0.0,-11.7672,-8.0747,3.692531894268,0.0,1.8463,-9.921,9.921,26.6554,0.2708,5-Fluorouracil,0,c:\Users\Andre\Proyectos doctorado\kras-pancreatic-gC3N4-ai\scratch\qm_calcs_molecules\5-Fluorouracil\xtbopt.xyz
-81.312396371452,-51024.30119085166,0.0,-11.2546,-8.35,2.904529843613,0.0,1.4523,-9.8023,9.8023,33.0803,0.3443,Capecitabine,0,c:\Users\Andre\Proyectos doctorado\kras-pancreatic-gC3N4-ai\scratch\qm_calcs_molecules\Capecitabine\xtbopt.xyz
-126.277489024463,-79240.32399899626,0.0,-9.5144,-8.2624,1.251969222395,0.0,0.626,-8.8884,8.8884,63.102,0.7987,Irinotecan,0,c:\Users\Andre\Proyectos doctorado\kras-pancreatic-gC3N4-ai\scratch\qm_calcs_molecules\Irinotecan\xtbopt.xyz
-186.479162832909,-117017.4462296973,0.0,-10.6595,-8.0873,2.572138832889,0.0,1.2861,-9.3734,9.3734,34.1578,0.3888,Paclitaxel,0,c:\Users\Andre\Proyectos doctorado\kras-pancreatic-gC3N4-ai\scratch\qm_calcs_molecules\Paclitaxel\xtbopt.xyz
-97.792999847161,-61366.036437592076,0.0,-9.7152,-8.8701,0.845162797984,0.0,0.4225,-9.2927,9.2927,102.1812,1.1833,Methotrexate,0,c:\Users\Andre\Proyectos doctorado\kras-pancreatic-gC3N4-ai\scratch\qm_calcs_molecules\Methotrexate\xtbopt.xyz
-131.343459074453,-82419.26833208046,0.0,-9.8386,-6.5151,3.323544033184,0.0,1.6617,-8.1768,8.1768,20.1176,0.3009,Etoposide,0,c:\Users\Andre\Proyectos doctorado\kras-pancreatic-gC3N4-ai\scratch\qm_calcs_molecules\Etoposide\xtbopt.xyz
-120.282872121339,-75478.64494342537,0.0,-10.5374,-8.9587,1.578760331577,0.0,0.7893,-9.748,9.748,60.1916,0.6334,Doxorubicin,0,c:\Users\Andre\Proyectos doctorado\kras-pancreatic-gC3N4-ai\scratch\qm_calcs_molecules\Doxorubicin\xtbopt.xyz
-90.15011677208,-56570.054700589535,0.0,-10.4494,-8.2137,2.235683219083,0.0,1.1179,-9.3316,9.3316,38.9488,0.4473,Topotecan,0,c:\Users\Andre\Proyectos doctorado\kras-pancreatic-gC3N4-ai\scratch\qm_calcs_molecules\Topotecan\xtbopt.xyz
-39.501045867916,-24787.281542053035,0.0,-8.9805,-7.3603,1.62013237139,0.0,0.8101,-8.1704,8.1704,41.202,0.6172,Dacarbazine,0,c:\Users\Andre\Proyectos doctorado\kras-pancreatic-gC3N4-ai\scratch\qm_calcs_molecules\Dacarbazine\xtbopt.xyz
-18.112287446966,-11365.63243970191,0.0,-10.9215,-5.8793,5.042228916508,0.0,2.5211,-8.4004,8.4004,13.9952,0.1983,Hydroxyurea,0,c:\Users\Andre\Proyectos doctorado\kras-pancreatic-gC3N4-ai\scratch\qm_calcs_molecules\Hydroxyurea\xtbopt.xyz
-73.307919571178,-46001.41595615012,0.0,-10.306,-8.8759,1.430122502542,0.0,0.715,-9.5909,9.5909,64.3216,0.6993,Mitomycin C,0,c:\Users\Andre\Proyectos doctorado\kras-pancreatic-gC3N4-ai\scratch\qm_calcs_molecules\Mitomycin C\xtbopt.xyz
-103.568186249842,-64990.020769545226,0.0,-9.9027,-7.1529,2.749769017611,0.0,1.3749,-8.5278,8.5278,26.4468,0.3637,Leucovorin,0,c:\Users\Andre\Proyectos doctorado\kras-pancreatic-gC3N4-ai\scratch\qm_calcs_molecules\Leucovorin\xtbopt.xyz
-92.642301662217,-58133.92439490696,0.0,-9.7375,-7.286,2.451484108645,0.0,1.2258,-8.5117,8.5117,29.5533,0.4079,Pemetrexed,0,c:\Users\Andre\Proyectos doctorado\kras-pancreatic-gC3N4-ai\scratch\qm_calcs_molecules\Pemetrexed\xtbopt.xyz
-162.289474360851,-101838.18691144043,0.0,-9.5156,-6.9244,2.591182822703,0.0,1.2956,-8.22,8.22,26.0761,0.3859,Trabectedin,0,c:\Users\Andre\Proyectos doctorado\kras-pancreatic-gC3N4-ai\scratch\qm_calcs_molecules\Trabectedin\xtbopt.xyz
-107.092442145685,-67201.52482461772,0.0,-9.5454,-7.9163,1.629100206465,0.0,0.8146,-8.7309,8.7309,46.7913,0.6138,Avapritinib,0,c:\Users\Andre\Proyectos doctorado\kras-pancreatic-gC3N4-ai\scratch\qm_calcs_molecules\Avapritinib\xtbopt.xyz
-93.66706570438,-58776.97356662264,0.0,-9.6385,-7.7157,1.922778576827,0.0,0.9614,-8.6771,8.6771,39.1575,0.5201,Futibatinib,0,c:\Users\Andre\Proyectos doctorado\kras-pancreatic-gC3N4-ai\scratch\qm_calcs_molecules\Futibatinib\xtbopt.xyz
-82.180488494922,-51569.03724520426,0.0,-9.874,-7.5449,2.329164259242,0.0,1.1646,-8.7095,8.7095,32.5682,0.4294,Belumosudil,0,c:\Users\Andre\Proyectos doctorado\kras-pancreatic-gC3N4-ai\scratch\qm_calcs_molecules\Belumosudil\xtbopt.xyz
-63.083943950378,-39585.77412632972,0.0,-9.8113,-6.6034,3.20787876689,0.0,1.6039,-8.2073,8.2073,20.9983,0.3117,Capivasertib,0,c:\Users\Andre\Proyectos doctorado\kras-pancreatic-gC3N4-ai\scratch\qm_calcs_molecules\Capivasertib\xtbopt.xyz
-76.079645351502,-47740.70021469834,0.0,-9.8165,-7.6068,2.209780303914,0.0,1.1048,-8.7116,8.7116,34.3453,0.4526,Pimicotinib,0,c:\Users\Andre\Proyectos doctorado\kras-pancreatic-gC3N4-ai\scratch\qm_calcs_molecules\Pimicotinib\xtbopt.xyz
