drug,orientation,E_complex_Eh,E_carrier_Eh,E_drug_Eh,E_ads_kcal_mol
5-Fluorouracil,0 deg Parallel,-136.600840311306,-107.765350522022,-28.830591068512,-3.07
5-Fluorouracil,+90 deg In-Plane Rotated,-136.614861245668,-107.765350522022,-28.830591068512,-11.87
5-Fluorouracil,180 deg Inverted Flip,-136.608223979796,-107.765350522022,-28.830591068512,-7.71
Gemcitabine,0 deg Parallel,-167.189595814688,-107.765350522022,-59.419515468638,-2.97
Gemcitabine,+90 deg In-Plane Rotated,-167.183439019917,-107.765350522022,-59.419515468638,0.9
Gemcitabine,180 deg Inverted Flip,-167.199755799684,-107.765350522022,-59.419515468638,-9.34
MRTX1133,0 deg Parallel,-234.1733013741,-107.765350522022,-126.407348131841,-0.38
MRTX1133,+90 deg In-Plane Rotated,-234.174178936906,-107.765350522022,-126.407348131841,-0.93
MRTX1133,180 deg Inverted Flip,-234.180646376849,-107.765350522022,-126.407348131841,-4.99
