Permutation,Q2_Scrambled
1,-0.0505590496829289
2,-0.2635154987184649
3,-0.08697268400160918
4,-0.22570243838136084
5,-0.04663924293301647
6,-0.1301242102904252
7,-0.06750158992299737
8,-0.05243121762210867
9,-0.0828023017563495
10,-0.31859114929708365
11,-0.0476463086257406
12,-0.10735133230119742
13,-0.1412891571209851
14,-0.029881515608200848
15,-0.05279295061769074
16,-0.07092534165750819
17,-0.09340252396590798
18,-0.014808425603825448
19,-0.13043658628606547
20,-0.2671094658916975
21,-0.13079915672230102
22,-0.6746191602678115
23,-0.12294249483324382
24,-0.10833613188184166
25,-0.08927060572896273
26,-0.07769970329240294
27,-0.05220254745780584
28,-0.07005722876918563
29,-0.07779736310630159
30,-0.7768487385682992
31,-0.059498494177050665
32,-0.11950310895899952
33,-0.13661726704283783
34,-0.1937641379895585
35,-0.13231597013448892
36,-0.04243435125807493
37,-0.3628033644787869
38,-0.20876282665936507
39,-0.11518139485353429
40,-0.15890057850149186
41,-0.5483491024853999
42,-0.19000556364433607
43,-0.02053800517074733
44,-0.1725778187334508
45,-0.1937298519143209
46,-0.03982627767393199
47,-0.09006797856071502
48,-0.015253439245168643
49,-0.13419732777027615
50,-0.06621406157407916
51,-0.05394456986764595
52,-0.20691384630655318
53,-0.03817981484560451
54,-0.07480365390107435
55,-0.1866458506041755
56,-0.11912471881544051
57,-0.06087161945255248
58,-0.00863179544139081
59,-0.032192177248106635
60,-0.294387037571354
61,-0.0665478965192674
62,-0.6484483916278414
63,-0.31065863580261
64,-0.04635074725846855
65,-0.16278369934370418
66,-0.32445252743649156
67,-0.08506690908655168
68,-0.17645255394140436
69,-0.06302598194481845
70,-0.18792208943865218
71,-0.05556172053613184
72,-0.01567855469363666
73,-0.10672549937212072
74,-0.1437716790425454
75,-0.07807768153882133
76,-0.12274194271472272
77,-0.15339694961647798
78,-0.08915772295040925
79,-0.27208208342162954
80,-0.11939066454073077
81,-0.20786636104916423
82,-0.09678831136578969
83,-0.03691431423242619
84,-0.20092072631792202
85,-0.10101132655623091
86,-0.21573464515077023
87,-0.20064031385512848
88,-0.05332290961164765
89,-0.20631884200601225
90,0.02255776675958976
91,-0.006489408555642395
92,-0.18093821454258352
93,-0.13915912439386768
94,0.20035162705864784
95,-0.18312239077705783
96,-0.11919862320174879
97,-0.03567501387872207
98,-0.20051013143551044
99,-0.12901792977293014
100,-0.08928064347163334
101,-0.0127436834970176
102,-0.05315295070581727
103,-0.08172578523997331
104,-0.13056854542675445
105,-0.05746948074664626
106,-0.11601757897598874
107,-0.06384085976766962
108,-0.12076057560206643
109,-0.16518187107154958
110,-0.09113487900944128
111,-0.07674972431651117
112,-0.12188474491198331
113,-0.10376164956490941
114,-0.011970592200540864
115,-0.369480203196217
116,-0.23376107317413863
117,-0.0711125722965602
118,-0.38765488408034554
119,-0.17282350336512375
120,-0.6354936278340788
121,-0.06833327198129058
122,-0.10342561770289427
123,-0.0904155180670212
124,-0.23825465828245918
125,-0.36205871453847127
126,-0.05890566682729825
127,-0.039765785156826494
128,-0.04829903166488192
129,-0.058336171377042056
130,-0.275453503273847
131,-0.15947444052099513
132,-0.1093042850383743
133,-0.1179969818840636
134,-0.11381312257553278
135,-0.037826466628291255
136,-0.15761033804809665
137,0.046276232010245666
138,-0.049848095120422764
139,0.045235317613879444
140,-0.028536037596742947
141,-0.03314559979171672
142,-0.17167375284312514
143,-0.032801607892122275
144,-0.05971813869497722
145,-0.030553651915967484
146,-0.11946616212750105
147,-0.0748102308654992
148,-0.05873728777410259
149,-0.06753183869035873
150,-0.8421833448717195
151,-0.05146147626410036
152,-0.04031103849922868
153,-0.1505675537905382
154,-0.06161714525786466
155,-0.07387267103720352
156,-0.05601216712124102
157,-0.19874611597652514
158,-0.07141892769112745
159,-0.09794691420851787
160,-0.03730124729252382
161,0.00761052415343022
162,-0.24940509288605184
163,-0.08373421015466298
164,-0.07557939427540639
165,-0.057082025689557
166,-0.16795346113955056
167,-0.045607153035049475
168,-0.07949558777950605
169,-0.5034519281967518
170,0.024334533348246534
171,-0.2780271752942025
172,-0.06506000926965672
173,-0.2729237816860586
174,-0.058952529590670544
175,-0.1904571275022946
176,-0.12020367038418622
177,-0.11562483293006043
178,-0.11960912164310278
179,-0.18508652180743068
180,-0.3923215217755587
181,-0.3723025900480419
182,-0.31304652936380606
183,-0.005198897799385094
184,-0.2541492027620018
185,-0.03631848492985679
186,-0.1235756237686143
187,-0.09080498286856176
188,-0.13582718418066309
189,-0.11742910920516847
190,-0.3316541437472873
191,-0.36063069050024765
192,0.01286524869290806
193,-0.058304102354008513
194,-0.20711438919789527
195,-0.0491886237227086
196,0.06614216981210852
197,-0.08649286381806554
198,0.001401595092660357
199,-0.06037417527543254
200,0.006877642636675563
201,-0.18165598673915317
202,-0.12471575917278366
203,-0.04304243210091485
204,-0.0015652505389556204
205,-0.374343041418274
206,-0.0050371485988531806
207,-0.005716915198972217
208,-0.04331804808917439
209,-0.18036929347949804
210,-0.08330057600389407
211,-0.12330614555834218
212,-0.07517161092037394
213,-0.05779141045603731
214,-0.1249360994845159
215,-0.19312069897500472
216,-0.27052607253858296
217,-0.11315979004625443
218,-0.09210152234235958
219,-0.30708081027231215
220,-0.09907613951329308
221,-0.09844189605363107
222,-0.11361070684307717
223,-0.04290356063972012
224,-0.10167739590861213
225,-0.02319799298824443
226,-0.1709363364283023
227,-0.08870668433282636
228,0.03543441508123013
229,-0.09777203396988665
230,-0.05349589404461352
231,-0.08026563555118638
232,-0.30151412585547854
233,-0.03202960188035209
234,-0.05479053642806231
235,-0.37944919455470516
236,-0.08230693796752475
237,-0.042137671514533626
238,-0.09641420371455545
239,-0.05351732690846345
240,-0.08482581665592259
241,-0.09182248806131055
242,-0.042623172246957663
243,-0.30195179968909236
244,-1.215629869946567
245,-0.007497115501009954
246,-0.1282053269187975
247,-0.13087714929797012
248,-0.2030739158896686
249,-0.03273758307988883
250,-0.12910838103938183
251,-0.09314338343900364
252,-0.0777921973662532
253,-0.225111246472379
254,-0.08966549660779854
255,-0.08078945639192914
256,-0.0619016693050265
257,-0.19856283632284177
258,-0.04657168411327328
259,-0.2304146562025029
260,-0.08359312514547645
261,-0.14015615015519622
262,0.1646564731380229
263,-0.14275413582294805
264,-0.03007223409381332
265,-0.05729055722046539
266,-0.07980435118958784
267,-0.23085545422661324
268,-0.14275163971054394
269,-0.10647218940689718
270,-0.0773939016349876
271,-0.21029457417011588
272,-0.1829173751463833
273,-0.1531447642270527
274,-0.024847445489794673
275,-0.3504210457502124
276,-0.05028987588937772
277,-0.18073856589491077
278,-0.048843434187856305
279,-0.06560064086189699
280,-0.0011839581877368666
281,-0.21118435454234707
282,-0.08500374138908384
283,-0.06878390541038182
284,-0.03382398903614425
285,-0.2093979898567193
286,-0.13845838856716752
287,-0.15778095980523554
288,0.03698448382202024
289,-0.20348673291239705
290,-0.0686793798868992
291,-0.24571940488798094
292,-0.06669683112235014
293,-0.049294551099314354
294,-0.05252187446164314
295,0.02535453477021976
296,-0.08574607576513138
297,-0.12065870533682221
298,-0.1438089992690288
299,-0.2116525995902805
300,-0.17413040360486187
301,-0.09878484019325029
302,-0.08645943764428221
303,-0.25267905727019624
304,-0.23833778600265276
305,-0.03447248543931125
306,-0.05187586904605168
307,-0.36723718427035545
308,-0.03720629647421636
309,-0.22567930253214175
310,-0.21771909137195178
311,-0.08242694089604341
312,-0.19876805261568853
313,-0.09089530877154584
314,-0.0957260521422465
315,-0.2488501352511696
316,-0.0510387724550998
317,-0.40357168260656606
318,-0.2200472175093091
319,-0.044315476940637755
320,-0.1496266757575686
321,-0.012393177402631572
322,-0.07950245272390588
323,-0.23025247288867523
324,-0.03365426627952961
325,-0.09020719560638102
326,0.017287582482240715
327,-0.2725125977973568
328,-0.06743068421213172
329,-0.19075533647456377
330,-0.1856302571515991
331,-0.029339522591652623
332,-0.1396857432264207
333,-0.10339943668115881
334,-0.43767988563255056
335,-0.5994264542796119
336,-0.14610434680209772
337,-0.04863010042046789
338,-0.21785389688437284
339,-0.19739801890117303
340,-0.02442121123471619
341,-0.34254303397955055
342,-0.07271159779144987
343,-0.10292535913177181
344,-0.04329113602355905
345,-0.57706818426309
346,-0.034965516882425884
347,-0.3558118651034403
348,-0.049099296904475676
349,0.11168091588777085
350,-0.06143534095332659
351,0.09137269937038361
352,-0.14254050568655474
353,-0.19930188581767183
354,-0.04816751286676091
355,-0.06968543096157487
356,-0.2196587462633559
357,-0.0988879655934145
358,-0.19550057482444072
359,-0.023467777931837963
360,-0.0642810862529426
361,-0.5204729007680342
362,-0.13235479716412768
363,-0.034120513384763074
364,-0.09733854657625063
365,-0.1297888073743445
366,-0.16129936452628812
367,-0.006244523469015828
368,-0.09483714982547164
369,-0.04831476944545665
370,-0.12564402088460236
371,-0.0628077565322358
372,-0.08813617748973535
373,-0.08485562694099058
374,-0.05538106789286679
375,-0.14970214995371145
376,-0.05959123831268465
377,-0.125388004303705
378,-0.017536270144071775
379,-0.05352380230047937
380,-0.025175940068138836
381,-0.18499031147671818
382,0.06535925794116482
383,-0.08783304816656035
384,-0.1168791408985308
385,-0.06942716532791415
386,-0.26726800873309764
387,-0.3571013777394718
388,-0.06497118221792952
389,-0.07028412270776552
390,-0.18045158442885056
391,-0.12224412543209362
392,-0.11101256145777172
393,-0.10043996686680656
394,-0.028670205547544292
395,-0.05661372665618192
396,-0.01626939777526104
397,-0.0289147971507977
398,-0.14883906363164834
399,-0.009399774536352323
400,-0.23221315237465845
401,-0.31098368639008434
402,0.020770514950340435
403,0.13411159397590855
404,-0.06642848163169424
405,-0.045630668742242975
406,0.02871622920670225
407,-0.14537546510765553
408,-0.15571343280648375
409,-0.05013408144060216
410,-0.11633432248079667
411,0.028893290711164532
412,-0.23799487370026928
413,-0.1077701901034096
414,-0.05856083706347537
415,-0.07650693602119052
416,-0.055342083307207135
417,-0.048888589609543676
418,-0.24473436786528202
419,-0.045070942743234754
420,-0.30997648128983424
421,-0.11825024202544876
422,-0.02745828496698599
423,-0.12982285459765097
424,-0.14909657928028253
425,-0.05258106641704452
426,0.07344635843871505
427,0.0017907912646464297
428,-0.04996067232488732
429,-0.09193464639710025
430,-0.15225981517451914
431,-0.152980178578479
432,-0.289673790939889
433,-0.0992752040707563
434,-0.19721463080065083
435,-0.008984470789756394
436,-0.16394430321761555
437,-0.19452802815459913
438,-0.18543284318094022
439,-0.040369783201947174
440,-0.17631663513782714
441,-0.012116252765950408
442,-0.1325418583221103
443,-0.18765840254900823
444,-0.016442086505658038
445,-0.06935932294583158
446,-0.17119634770945358
447,-0.08220914378848887
448,-0.05048192669973672
449,-0.22189850112110654
450,-0.08840745088944368
451,-0.04829592455570153
452,-0.023683562612299536
453,-0.1435538272456347
454,-0.024951634470162354
455,-0.08963246842505357
456,-0.08108064924105585
457,-0.05155558945129246
458,-0.14568436801872386
459,-0.028100947066022952
460,-0.04480835845672493
461,-0.02127868892602436
462,-0.03203287139945887
463,-0.23501248077012282
464,-0.1569904609726216
465,-0.02705533186568121
466,-0.06435423947500074
467,-0.08194060954579352
468,-0.03926302821615857
469,-0.051603328991827846
470,-0.13261104187357664
471,-0.6707165336567382
472,-0.08323752675448093
473,-0.10823365690441311
474,-0.06547038641241354
475,-0.04898511559176599
476,-0.05843578085369061
477,0.009441784385768037
478,-0.04339129114255624
479,-0.08581197902463589
480,-0.06976289902609034
481,-0.07289505339309743
482,-0.05507089512055785
483,-0.05452776539953841
484,-0.2553318820728594
485,-0.05526670808548517
486,-0.05920105574203993
487,-0.11747651629638844
488,-0.02851581540632564
489,-0.015720236087037875
490,-0.008492946468543705
491,-0.16826076575056148
492,0.0015522833245011913
493,-0.08155380762820164
494,-0.03158457200112341
495,-0.13115132353529013
496,-0.43021950947459886
497,-0.19742354936523387
498,-0.10418245938698245
499,-0.05579501131692299
500,-0.21454636071447086
501,-0.0897997472020775
502,-0.4118120058428423
503,-0.07860720207546534
504,-0.3309369615967628
505,-0.10164495929688888
506,-0.027009130750911048
507,-0.014191241764167195
508,-0.18916012265580284
509,-0.0658277607082507
510,-0.039122494139250064
511,-0.033463109924371404
512,-0.1714320670848617
513,-0.18287646996727913
514,-0.06267465796079019
515,-0.04034477111883428
516,-0.27260370287624625
517,-0.10143225853347282
518,-0.05145814562053275
519,-0.08195954860779175
520,-0.11543367942802196
521,-0.027709814608483763
522,-0.03187501879878685
523,0.010461944899752496
524,-0.12210146159062285
525,-0.09282239433721107
526,-0.045426851382461386
527,-0.12378410576546295
528,-0.02850441081299504
529,-0.03377764884484624
530,-0.14943914818118587
531,-0.1028026707286549
532,-0.21485894512356607
533,-0.0736717361573862
534,-0.16056055916328726
535,-0.035446197818699954
536,-0.3628852399954803
537,-0.21421249850168445
538,-0.23650548890991718
539,-0.026619916043563396
540,-0.08863763422906312
541,-0.12403821895184675
542,-0.16902188510241323
543,-0.11836440207813426
544,-0.13479882235496432
545,-0.13648646425112276
546,-0.07786776593716538
547,0.016078902435188613
548,-0.03654468141673428
549,-0.09290773076953918
550,-0.03126604921023568
551,0.04112174272031133
552,-0.042691715102002536
553,-0.07138306951467532
554,-0.038123576486711386
555,-0.04946124534692942
556,-0.2026674146083014
557,-0.10739934964543552
558,-0.05046855271964157
559,-0.06756536936954705
560,-0.4009005124448439
561,0.019878070753325816
562,-0.06557883014258503
563,-0.04448693894867772
564,-0.05233500565031557
565,-0.15525413168067503
566,-0.40337251957912956
567,-0.11302976324213398
568,0.04142711969478752
569,-0.06218707979594629
570,-0.1540965244519088
571,-0.16856098445862666
572,-0.10194816673323004
573,-0.08146387212293238
574,-0.06716200086835511
575,-0.20611877025093173
576,-0.2256401335709186
577,-0.08066099411844951
578,-0.13292514914533626
579,-0.22725004378233415
580,-0.15321316948675334
581,-0.055601866035389635
582,-0.012144231545654804
583,-0.03096028966909814
584,-0.014288813258223954
585,-0.07160398309953964
586,-0.06392867906745603
587,0.007105433905126746
588,0.02384213189352513
589,-0.08292021595003862
590,-0.1290998011605622
591,-0.05195819636908716
592,-0.08586330088756422
593,-0.12898118668061698
594,-0.09342340641226499
595,-0.06094226755684051
596,-0.0116949201925316
597,-0.14485789697373908
598,-0.0436596688399149
599,-0.15022880800304672
600,-0.043946179226624915
601,-0.043402957362758565
602,-0.10312141668751185
603,-0.09746180303308316
604,-0.0009368318164308942
605,-0.048244749368310025
606,-0.43599070203233503
607,-0.0918532360053883
608,-0.0614500049360287
609,-0.4000152088051965
610,-0.2695267903742684
611,-0.16258192936296334
612,-0.04784521938889075
613,0.029462116526104087
614,-0.08651888639153804
615,0.05892221339978476
616,-0.1039957479885456
617,-0.18959038043501764
618,-0.024197014140640682
619,-0.14711470843819585
620,-0.04111263502663287
621,-0.040351812625899486
622,-0.018944869770964212
623,-0.026699101930561797
624,-0.07753405872584396
625,-0.18618213661231997
626,-0.12896621351499893
627,-0.12007127231598558
628,-0.0784606178199283
629,-0.19465354060517748
630,-0.12879735490451472
631,-0.12901330207626405
632,-0.3014678021065531
633,-0.24479008533174795
634,-0.24755829828781595
635,-0.3036274680503124
636,-0.1608456042913422
637,-0.04060045190445449
638,-0.15530635662542314
639,-0.4536666876380029
640,-0.14265744047125595
641,-0.06879785849869524
642,-0.12591405050547988
643,-0.04770760203828206
644,-0.42809906856563673
645,-0.1824334187295853
646,-0.1376947409513991
647,-0.0858465739212193
648,-0.243220120653876
649,-0.05267624760813483
650,-0.10193972592454847
651,-0.09950573219439995
652,-0.1876921695749345
653,-0.10336769312647776
654,-0.010893662596776599
655,-0.14093306984272647
656,-0.049862943351418165
657,-0.031677930981238056
658,-0.027989656845624822
659,-0.13488335210799196
660,-0.10570847957822505
661,-0.19607475546596498
662,-0.030082259931931032
663,-0.09584193412246478
664,-0.07608111230986148
665,-0.13506440652716822
666,-0.02270139584906583
667,-0.1088069014830757
668,-0.1016597084830213
669,-0.23913843744687835
670,-0.01689032122465428
671,0.014229558481028803
672,-0.09395297177889916
673,-0.23054938179541296
674,-0.007665069423615778
675,-0.09250260139512023
676,-0.06828264677162688
677,-0.03502905883129581
678,-0.14408182527832936
679,-0.03022369340644726
680,-0.04972542462096885
681,-0.13219436353252534
682,-0.0659174485570817
683,-0.07905022044722854
684,0.06825452266150278
685,-0.03908169971004627
686,-0.2602673982319439
687,-0.026608966721303418
688,0.018279335821015708
689,-0.07025773862951934
690,-0.2966768505774864
691,-0.019281629557648783
692,-0.19486975643663484
693,-0.101515599170523
694,-0.13756408473848114
695,-0.16728971173008467
696,-0.19795754257335396
697,-0.23936780037426075
698,-0.14951467470280644
699,-0.15116576620992883
700,-0.06871034200752768
701,-0.3911184130517862
702,-0.048319979965340876
703,-0.06638042708973835
704,-0.05371592070471998
705,-0.07925298552628957
706,-0.022250494918798047
707,-0.1947613525067442
708,-0.02738715524487456
709,-0.03723545985307908
710,-0.1247311828511748
711,0.119225591492095
712,-0.01833612929282613
713,-0.38592614482015786
714,-0.2474895703385196
715,-0.01687809945878138
716,-0.2169636037680749
717,-0.1490489614435977
718,-0.09210764232918578
719,-0.1408016075005043
720,-0.13331562091632732
721,-0.04394121121912087
722,-0.032821991402516515
723,-0.06880511174457049
724,-0.047174022824405304
725,-0.09047972917695613
726,-0.013283360644853914
727,-0.16055048191350996
728,-0.19357916009507226
729,-0.16150180172869932
730,-0.17148911910071107
731,-0.1473223374536754
732,-0.19193284456649007
733,-0.35588148222391713
734,-0.28961200810761056
735,-0.15925425580977937
736,-0.0500583177119045
737,-0.3851902541000478
738,-0.03338847959029789
739,-0.03709231032908922
740,-0.15797317537759947
741,-0.14205216786142816
742,-0.0734095849698817
743,-0.17719183609258637
744,-0.25078655033766717
745,-0.1633704022821738
746,-0.18844007135500163
747,-0.07243908912995445
748,-0.11693779433162099
749,-0.019236928083993687
750,0.052654616697639045
751,-0.022675524722373108
752,-0.038587731735574504
753,-0.14859867598896037
754,-0.18993686742737004
755,-0.12563858078088863
756,0.034458587243547
757,-0.03783671014720014
758,0.07451715245157431
759,-0.1785583818342844
760,-0.056845784421480916
761,-0.39550823317964223
762,-0.09488803826610681
763,-0.1502129600612907
764,-0.0707952866193644
765,-0.07994239270776715
766,-0.16149625346732366
767,-0.10662041889221996
768,-0.11338394916307504
769,-0.09693359096985277
770,-0.08082951436605978
771,0.024971369759642204
772,-0.2543728230326301
773,-0.40423758413369737
774,-0.04023876410304239
775,-0.07459207911727539
776,-0.02692803135557642
777,-0.11367274578356246
778,-0.1497102700675672
779,-0.2753444053849583
780,-0.03439158998222713
781,-0.07084475104554144
782,-0.04387754019163137
783,-0.29674724806420616
784,-0.19298425307599643
785,-0.13417269775410978
786,-0.06945860300073958
787,-0.1604765992790227
788,-0.0665290016074791
789,0.055557875192926987
790,-0.13622165056283864
791,-0.11926316506989965
792,-0.10136355443312861
793,-0.3833290111731349
794,-0.08199774077187172
795,-0.08370343678420711
796,-0.0320096984926006
797,-0.5028585692440246
798,-0.036743962537427954
799,-0.04041140661106746
800,-0.12853670614296142
801,-0.06520281327486677
802,-0.1654607279479854
803,-0.06639988996829649
804,-0.195992964781337
805,-0.040176459831183786
806,-0.02088003112849246
807,-0.012219797879597927
808,-0.07871971704891445
809,-0.10526132441305713
810,-0.08678264248073853
811,-0.22363085944641514
812,-0.25934409820559723
813,-0.2550383178541955
814,-0.22495162422520876
815,0.005182319844841188
816,-0.12047042455443968
817,-0.18710218907632603
818,-0.05942753075062912
819,-0.10900081825503016
820,-0.12421075690337657
821,-0.10708461762825183
822,-0.14491087675849879
823,-0.10618973014369892
824,-0.08731677548091366
825,-0.09110037782428759
826,-0.06494870945577613
827,-0.06752401860011314
828,-0.01766823683540064
829,-0.11073610730082195
830,-0.030036496752259056
831,-0.27254476893052537
832,-0.10261045179753059
833,-0.09407451373973275
834,-0.15187232073303125
835,-0.11311050799892808
836,-0.11869147095618926
837,-0.2757127847750298
838,-0.27283177416125937
839,-0.030713203201092387
840,-0.056443522119146605
841,-0.38917000925920897
842,-0.050420099898854875
843,-0.03892845049908278
844,-0.08609428221597137
845,-0.16509979568786237
846,-0.1251681371136475
847,-0.10360933497872882
848,0.08491520847962686
849,-0.016614901878528432
850,-0.12380815265522904
851,-0.13892595499822558
852,-0.09073840674385503
853,-0.064719033071164
854,-0.3382748247307632
855,-0.07108264076917159
856,-0.16742213679211626
857,0.010530581609544898
858,-0.1179298871531318
859,-0.2569462148327888
860,-0.22370788713829937
861,-0.165078004887673
862,-0.06019689450773513
863,0.007272775875427295
864,-0.12137305495912387
865,-0.09123310329048939
866,-0.1375023633240653
867,-0.1212109609762071
868,-0.18675264607407382
869,-0.07492704544998352
870,-0.10958413938320555
871,-0.1685959699540982
872,-0.19566568659916683
873,-0.24846520883529077
874,-0.1046053323174394
875,-0.18397401012415426
876,-0.024250474062341487
877,-0.03279045851189322
878,-0.12314759721938051
879,-0.02397489357390503
880,0.004797245696648078
881,-0.2226334616992358
882,-0.19032545750994978
883,-0.1721652974838601
884,-0.19945123766906203
885,-0.06621499096308381
886,-0.020634500396826905
887,-0.08509349126754562
888,-0.09310025642066089
889,-0.08156764980676678
890,-0.0651527597250312
891,-0.08482723369036282
892,-0.027474908845587898
893,-0.08227895108557459
894,-0.2492973886398735
895,-0.11563672850374607
896,-0.10144615913916444
897,-0.294871741449801
898,-0.1879036740640454
899,-0.03851757937457312
900,-0.32609655303455964
901,-0.018090095822965058
902,-0.018173173511669694
903,-0.23806734456331147
904,-0.020708380555623185
905,0.006778824975205322
906,-0.05646229216532239
907,-0.16470916240280586
908,-0.2042259423189885
909,-0.14360816870502613
910,-0.09373662297660723
911,0.05761327727073817
912,-0.09353189847017318
913,-0.21605060503714824
914,-0.032084762300779834
915,-0.0989352552794096
916,0.05001839095899252
917,-0.13127000325277072
918,-0.12226263041272722
919,-0.056974254864434526
920,-0.2207601082696291
921,-0.10176696067410118
922,-0.0568038961196331
923,-0.01106290328134385
924,-0.10409413847794169
925,-0.12817338882374218
926,-0.1221879256375753
927,-0.15930856403786486
928,-0.143451839789851
929,0.030393694859964904
930,-0.37025399453575614
931,-0.0796632912237838
932,-0.22165991940439378
933,-0.13226501098529586
934,-0.01987557377492921
935,-0.3403364059625371
936,-0.11091193658959653
937,-0.36665943172503934
938,0.15942879077897387
939,-0.2286230223660326
940,-0.02513640448357335
941,-0.08560067829658813
942,-0.060581841330219266
943,-0.1342975667677242
944,-0.07180474256331526
945,-0.20744803648787102
946,-0.10129020228027241
947,-0.030902000204034108
948,-0.1026815212967449
949,-0.06521905630723501
950,-0.16509265394357464
951,0.003932027031038454
952,-0.4482566204702496
953,-0.026729916056253744
954,-0.1905035211978554
955,-0.0027206373422123953
956,-0.11610261123946497
957,-0.05457063220933889
958,-0.07831302163183751
959,-0.10045676839249928
960,-0.26809857165174944
961,-0.058276168846441934
962,-0.15752432981571984
963,-0.007372227955110278
964,-0.07791139401850211
965,-0.10198480984004021
966,-0.10487171455782418
967,-0.19593753759446608
968,-0.028920997755017552
969,0.005369646321631394
970,-0.037144551347033206
971,-0.17692819676358384
972,-0.20248782830719425
973,-0.034757312334969814
974,-0.19372327164488512
975,-0.09672375936028299
976,-0.06447061299018508
977,-0.054736647306953046
978,-0.14441492949570045
979,-0.09971625228044378
980,-0.06225142223744329
981,-0.10588620789581871
982,-0.0584745882924993
983,-0.026906563701207142
984,-0.115109758704802
985,-0.08327611600360085
986,-0.15003812660573423
987,-0.07589543633185603
988,-0.08305490160804485
989,-0.10528125909909947
990,-0.39584074246335677
991,-0.2641788192182313
992,-0.08694844777176436
993,-0.13437159034143997
994,-0.06920207289887204
995,-0.3348665536612725
996,-0.09879341757800675
997,-0.04650187386300364
998,0.031028055552422273
999,-0.2567960278255732
1000,-0.08362238799258792
