name,num_interacting_residues,contact_residues
Abemaciclib,16,ALA11; ARG68; ASP12; ASP92; GLN99; GLU62; GLU63; GLY10; GLY60; LYS88; MET72; THR58; TYR64; TYR96; VAL103; VAL9
Adagrasib,11,ALA18; ASP12; ASP30; GLY13; GLY15; LYS117; PHE28; PRO34; SER17; TYR32; VAL29
Afatinib,12,ALA59; ARG68; ASP12; GLN99; GLU62; GLU63; GLY60; HIS95; LYS88; MET72; TYR64; TYR96
BI-2865,15,ALA59; ARG68; ASP12; ASP92; GLN99; GLU62; GLY10; GLY60; HIS95; ILE100; LYS88; MET72; THR58; TYR64; TYR96
Binimetinib,12,ALA59; ASP12; ASP92; GLN61; GLN99; GLU62; GLY10; GLY60; HIS95; THR58; TYR64; TYR96
Capecitabine,16,ALA59; ARG68; ASP12; GLN99; GLU62; GLU63; GLY10; GLY60; ILE100; LYS16; MET72; THR58; TYR64; TYR96; VAL103; VAL9
Cobimetinib,11,ALA18; ASN116; ASP30; GLY13; GLY15; LYS117; LYS16; PHE28; PRO34; SER17; TYR32
Entrectinib,12,ALA18; ASN116; ASN86; ASP12; ASP30; GLY13; GLY15; LYS117; LYS16; PHE28; PRO34; SER17
Erlotinib,11,ARG68; ASP12; ASP92; GLN61; GLU62; GLY60; HIS95; ILE100; TYR64; TYR96; VAL9
Fluorouracil,8,ARG102; ASP69; GLN99; ILE100; MET72; PHE78; VAL103; VAL9
Gemcitabine,12,ARG68; GLN61; GLN99; GLU62; GLY10; HIS95; ILE100; MET72; THR58; TYR64; TYR96; VAL103
Irinotecan,11,ARG68; ASP12; ASP69; ASP92; GLN99; GLU62; HIS95; LYS88; MET72; TYR64; TYR96
Larotrectinib,18,ALA11; ARG68; ASN86; ASP12; ASP92; GLN99; GLU62; GLY60; HIS95; ILE100; LYS88; MET72; PHE78; SER89; TYR64; TYR96; VAL103; VAL9
Lonafarnib,7,ARG68; ASP12; ASP92; GLU62; GLY60; THR58; TYR96
MRTX1133,13,ARG68; ASN86; ASP12; ASP92; GLN99; GLU62; GLU63; ILE100; LYS88; MET72; TYR64; TYR96; VAL9
Niraparib,13,ALA59; ARG102; ARG68; ASP12; GLN99; GLU62; GLY10; GLY60; HIS95; MET72; THR58; TYR64; TYR96
Olaparib,13,ALA11; ALA59; ARG68; ASP12; ASP92; GLN61; GLN99; GLU62; GLY60; LYS88; MET72; THR58; TYR96
Palbociclib,17,ALA11; ALA59; ARG68; ASN86; ASP12; ASP92; GLN99; GLU62; GLY10; GLY60; HIS95; LYS88; MET72; THR58; TYR64; TYR96; VAL9
Panobinostat,12,ALA11; ARG68; ASP12; GLN99; GLU62; GLU63; ILE100; MET72; TYR64; TYR96; VAL103; VAL9
Regorafenib,17,ARG102; ARG68; ASP12; ASP69; ASP92; GLN99; GLU62; GLU63; GLY10; GLY60; HIS95; LYS88; MET72; THR58; TYR64; TYR96; VAL103
Ribociclib,13,ALA11; ASP12; ASP92; GLN61; GLN99; GLU62; GLU63; GLY60; ILE100; MET72; TYR64; TYR96; VAL9
RMC-4550,12,ALA18; ALA59; ASP30; ASP33; GLU31; GLY13; GLY15; LYS117; PRO34; SER17; THR58; TYR32
RMC-6236,10,ARG68; ASN86; ASP12; ASP92; GLN99; GLU62; GLY60; HIS95; TYR64; TYR96
Rucaparib,14,ALA59; ARG68; ASP12; ASP69; GLN99; GLU63; GLY60; ILE100; MET72; PHE78; TYR64; TYR96; VAL103; VAL9
Selumetinib,14,ALA59; ARG68; ASP12; GLN61; GLN99; GLU37; GLU62; GLY60; HIS95; ILE100; THR58; TYR64; TYR96; VAL9
SHP099,11,ALA18; ASP30; GLU31; GLY13; GLY15; LYS16; PHE28; PRO34; SER17; TYR32; VAL29
Sotorasib,7,ALA11; ASP12; ASP92; GLN61; GLU62; GLY60; TYR96
Sunitinib,16,ALA59; ARG102; ARG68; ASP12; ASP69; ASP92; GLN99; GLU62; GLY10; GLY60; HIS95; MET72; TYR64; TYR96; VAL103; VAL9
Talazoparib,11,ALA11; ARG68; ASP12; ASP92; GLN61; GLU62; GLU63; GLY60; HIS95; TYR64; TYR96
Tipifarnib,9,ALA59; ARG68; ASP12; ASP92; GLU62; GLY10; HIS95; THR58; TYR96
TNO155,9,ALA11; ALA59; ASP12; ASP92; GLN61; GLU62; GLY60; THR58; TYR96
Trametinib,14,ALA59; ARG68; ASP12; ASP92; GLN99; GLU62; GLU63; GLY60; HIS95; MET72; THR58; TYR64; TYR96; VAL103
Vorinostat,10,ARG68; GLN99; GLU62; GLY60; ILE100; MET72; THR58; TYR64; TYR96; VAL9
