compound_id,parent_scaffold,MW,LogP,PSA,Polarizability_alpha,Electrophilicity_omega,MW_norm,PSA_norm,Alpha_norm,Omega_norm,Predicted_Composite_DeltaG
VS_CANDIDATE_0286,Sulfonamido_Biphenyl,552.66,5.86,124.78,159.3,4.63,1.2059999999999997,1.1365714285714286,1.476666666666667,0.10833333333333325,-15.755301857142857
VS_CANDIDATE_0278,Sulfonamido_Biphenyl,510.86,4.72,112.06,154.49,5.93,0.8260000000000002,0.7731428571428572,1.3163333333333336,1.1916666666666664,-15.708644714285713
VS_CANDIDATE_0193,Tetrahydronaphthyridine,549.84,4.59,130.25,158.71,2.94,1.1803636363636367,1.292857142857143,1.4570000000000003,-1.3,-15.70234464935065
VS_CANDIDATE_0272,Sulfonamido_Biphenyl,529.86,4.05,102.74,159.37,5.15,0.9987272727272728,0.5068571428571427,1.479,0.541666666666667,-15.668392012987013
VS_CANDIDATE_0124,Triazine_Nanosheet_Binder,500.44,2.5,122.12,153.63,3.22,0.7312727272727273,1.0605714285714287,1.2876666666666665,-1.0666666666666667,-15.65142812987013
VS_CANDIDATE_0151,Tetrahydronaphthyridine,542.65,4.17,97.88,159.3,5.98,1.1149999999999998,0.3679999999999999,1.476666666666667,1.2333333333333338,-15.638449000000001
VS_CANDIDATE_0141,Triazine_Nanosheet_Binder,486.37,4.17,136.19,142.61,5.15,0.6033636363636364,1.4625714285714284,0.9203333333333338,0.541666666666667,-15.62105522077922
VS_CANDIDATE_0113,Triazine_Nanosheet_Binder,490.44,4.78,120.55,148.77,4.62,0.6403636363636364,1.0157142857142856,1.125666666666667,0.10000000000000009,-15.614922935064936
VS_CANDIDATE_0123,Triazine_Nanosheet_Binder,457.88,4.89,117.34,142.82,6.11,0.3443636363636363,0.924,0.9273333333333331,1.341666666666667,-15.600881363636363
VS_CANDIDATE_0173,Tetrahydronaphthyridine,509.47,2.6,100.88,155.25,5.1,0.8133636363636366,0.45371428571428557,1.3416666666666666,0.4999999999999997,-15.599173935064934
VS_CANDIDATE_0105,Triazine_Nanosheet_Binder,508.46,5.3,133.42,145.53,4.71,0.804181818181818,1.383428571428571,1.0176666666666667,0.175,-15.592888324675325
VS_CANDIDATE_0167,Tetrahydronaphthyridine,493.74,4.76,110.08,149.44,5.57,0.6703636363636365,0.7165714285714285,1.148,0.8916666666666669,-15.59010422077922
VS_CANDIDATE_0270,Sulfonamido_Biphenyl,543.16,3.73,83.46,161.68,6.03,1.1196363636363633,-0.04400000000000018,1.5560000000000003,1.2750000000000004,-15.585668636363636
VS_CANDIDATE_0252,Sulfonamido_Biphenyl,479.62,6.44,117.15,144.61,5.65,0.542,0.9185714285714287,0.9870000000000004,0.9583333333333337,-15.564361857142858
VS_CANDIDATE_0296,Sulfonamido_Biphenyl,532.59,4.72,91.9,156.66,6.21,1.0235454545454548,0.19714285714285731,1.3886666666666665,1.425,-15.56203425974026
VS_CANDIDATE_0171,Tetrahydronaphthyridine,513.69,3.89,86.69,156.94,5.59,0.8517272727272732,0.048285714285714224,1.398,0.9083333333333332,-15.544182155844156
VS_CANDIDATE_0155,Tetrahydronaphthyridine,527.3,2.89,123.9,150.16,3.69,0.975454545454545,1.1114285714285717,1.172,-0.675,-15.5325115974026
VS_CANDIDATE_0128,Triazine_Nanosheet_Binder,465.17,3.47,116.54,142.97,4.96,0.4106363636363638,0.9011428571428574,0.9323333333333333,0.3833333333333333,-15.51907435064935
VS_CANDIDATE_0149,Triazine_Nanosheet_Binder,511.04,4.72,103.95,151.04,4.88,0.8276363636363638,0.5414285714285715,1.2013333333333331,0.3166666666666666,-15.50100677922078
VS_CANDIDATE_0197,Tetrahydronaphthyridine,471.94,4.09,125.74,139.88,4.96,0.47218181818181815,1.164,0.8293333333333331,0.3833333333333333,-15.496122181818182
VS_CANDIDATE_0269,Sulfonamido_Biphenyl,517.58,5.01,117.76,151.42,2.62,0.8870909090909095,0.9360000000000002,1.2139999999999995,-1.5666666666666667,-15.484755090909092
VS_CANDIDATE_0111,Triazine_Nanosheet_Binder,458.93,2.85,133.52,133.25,6.08,0.35390909090909095,1.3862857142857146,0.6083333333333333,1.3166666666666669,-15.482023337662337
VS_CANDIDATE_0094,Indole_Carboxamide,470.66,4.4,103.66,145.24,5.33,0.46054545454545476,0.533142857142857,1.0080000000000002,0.6916666666666668,-15.479629259740259
VS_CANDIDATE_0152,Tetrahydronaphthyridine,539.5,4.2,110.44,150.37,5.14,1.0863636363636364,0.7268571428571428,1.179,0.5333333333333331,-15.47545064935065
VS_CANDIDATE_0292,Sulfonamido_Biphenyl,436.75,3.28,124.04,136.27,4.55,0.15227272727272728,1.1154285714285717,0.7090000000000003,0.04166666666666652,-15.460574415584414
VS_CANDIDATE_0190,Tetrahydronaphthyridine,476.2,4.75,113.78,144.18,4.12,0.5109090909090908,0.8222857142857143,0.9726666666666669,-0.3166666666666666,-15.45520833766234
VS_CANDIDATE_0264,Sulfonamido_Biphenyl,552.67,4.07,75.18,159.2,6.44,1.2060909090909087,-0.28057142857142836,1.473333333333333,1.6166666666666671,-15.453795233766233
VS_CANDIDATE_0275,Sulfonamido_Biphenyl,476.1,5.75,93.27,144.89,6.47,0.5100000000000002,0.23628571428571418,0.9963333333333328,1.6416666666666666,-15.433968428571426
VS_CANDIDATE_0294,Sulfonamido_Biphenyl,442.62,5.17,116.76,138.55,4.13,0.20563636363636367,0.9074285714285716,0.7850000000000004,-0.30833333333333346,-15.423403779220779
VS_CANDIDATE_0163,Tetrahydronaphthyridine,514.72,3.61,71.71,156.31,5.7,0.8610909090909094,-0.3797142857142859,1.377,1.0000000000000002,-15.412302519480521
VS_CANDIDATE_0143,Triazine_Nanosheet_Binder,497.22,2.73,121.66,138.01,6.03,0.7020000000000003,1.0474285714285714,0.7669999999999997,1.2750000000000004,-15.406894142857142
VS_CANDIDATE_0119,Triazine_Nanosheet_Binder,476.86,5.32,139.6,131.61,4.99,0.516909090909091,1.5599999999999998,0.5536666666666671,0.40833333333333355,-15.384979909090909
VS_CANDIDATE_0159,Tetrahydronaphthyridine,458.82,3.65,105.63,138.77,5.75,0.35290909090909084,0.5894285714285713,0.7923333333333337,1.0416666666666667,-15.383665051948054
VS_CANDIDATE_0032,Quinazoline_Core,465.06,3.75,110.25,137.84,5.68,0.40963636363636363,0.7214285714285714,0.7613333333333334,0.9833333333333332,-15.376896779220779
VS_CANDIDATE_0162,Tetrahydronaphthyridine,539.19,3.65,103.75,147.77,5.37,1.083545454545455,0.5357142857142857,1.0923333333333336,0.7250000000000001,-15.369151116883117
VS_CANDIDATE_0083,Indole_Carboxamide,427.85,3.85,120.2,134.62,3.32,0.07136363636363657,1.0057142857142858,0.6540000000000001,-0.9833333333333335,-15.346647935064935
VS_CANDIDATE_0300,Sulfonamido_Biphenyl,480.85,5.84,115.38,141.91,2.85,0.5531818181818184,0.8679999999999999,0.8969999999999999,-1.375,-15.331536181818182
VS_CANDIDATE_0023,Quinazoline_Core,467.45,3.77,104.96,141.85,3.1,0.4313636363636363,0.5702857142857141,0.8949999999999998,-1.1666666666666667,-15.295090792207791
VS_CANDIDATE_0129,Triazine_Nanosheet_Binder,511.08,2.36,85.71,145.78,6.23,0.8279999999999998,0.02028571428571411,1.026,1.441666666666667,-15.29329642857143
VS_CANDIDATE_0265,Sulfonamido_Biphenyl,534.43,3.16,58.95,156.72,6.13,1.0402727272727268,-0.7442857142857142,1.3906666666666667,1.3583333333333334,-15.292873844155844
VS_CANDIDATE_0279,Sulfonamido_Biphenyl,463.3,4.45,98.25,138.83,5.25,0.39363636363636373,0.37857142857142856,0.7943333333333338,0.625,-15.288713493506494
VS_CANDIDATE_0017,Quinazoline_Core,446.55,4.26,104.33,137.96,3.77,0.24136363636363647,0.5522857142857143,0.7653333333333336,-0.6083333333333334,-15.280605792207792
VS_CANDIDATE_0134,Triazine_Nanosheet_Binder,424.39,2.94,142.11,118.46,6.27,0.03990909090909078,1.6317142857142861,0.11533333333333312,1.4749999999999996,-15.27405148051948
VS_CANDIDATE_0277,Sulfonamido_Biphenyl,479.42,6.11,104.64,137.84,5.19,0.5401818181818183,0.5611428571428572,0.7613333333333334,0.5750000000000004,-15.269406896103895
VS_CANDIDATE_0092,Indole_Carboxamide,421.0,4.52,112.77,132.06,3.87,0.00909090909090909,0.7934285714285713,0.5686666666666668,-0.5249999999999999,-15.269231233766234
VS_CANDIDATE_0084,Indole_Carboxamide,422.24,2.59,109.6,129.79,5.5,0.020363636363636445,0.7028571428571427,0.4929999999999997,0.8333333333333334,-15.26875664935065
VS_CANDIDATE_0096,Indole_Carboxamide,482.79,5.36,63.62,148.6,5.98,0.570818181818182,-0.6108571428571429,1.1199999999999999,1.2333333333333338,-15.249638532467532
VS_CANDIDATE_0256,Sulfonamido_Biphenyl,472.3,5.11,100.15,137.9,5.04,0.4754545454545456,0.432857142857143,0.7633333333333335,0.45000000000000007,-15.24583974025974
VS_CANDIDATE_0053,Indole_Carboxamide,480.38,5.87,103.76,140.23,3.74,0.5489090909090909,0.5360000000000001,0.8409999999999996,-0.6333333333333332,-15.24451090909091
VS_CANDIDATE_0196,Tetrahydronaphthyridine,542.24,4.61,68.43,152.41,6.22,1.1112727272727274,-0.47342857142857125,1.2469999999999999,1.4333333333333331,-15.243188129870127
VS_CANDIDATE_0326,Benzimidazole_Heterocycle,434.53,5.53,93.64,136.49,4.68,0.13209090909090884,0.24685714285714289,0.7163333333333336,0.14999999999999977,-15.237276376623377
VS_CANDIDATE_0174,Tetrahydronaphthyridine,401.98,4.13,132.67,120.79,4.73,-0.16381818181818164,1.3619999999999997,0.1930000000000002,0.19166666666666704,-15.235465181818181
VS_CANDIDATE_0271,Sulfonamido_Biphenyl,397.64,5.67,122.95,120.77,5.95,-0.2032727272727274,1.0842857142857143,0.1923333333333332,1.2083333333333335,-15.233047155844154
VS_CANDIDATE_0180,Tetrahydronaphthyridine,442.62,4.67,82.66,137.78,5.99,0.20563636363636367,-0.06685714285714295,0.7593333333333334,1.241666666666667,-15.230644350649351
VS_CANDIDATE_0144,Triazine_Nanosheet_Binder,473.24,2.81,96.19,142.38,3.14,0.4840000000000001,0.3197142857142857,0.9126666666666665,-1.1333333333333333,-15.22599257142857
VS_CANDIDATE_0022,Quinazoline_Core,467.96,3.22,94.86,141.26,3.45,0.43599999999999983,0.2817142857142857,0.8753333333333331,-0.8749999999999999,-15.216935571428571
VS_CANDIDATE_0095,Indole_Carboxamide,395.82,3.9,106.44,124.52,6.2,-0.21981818181818188,0.6125714285714285,0.3173333333333332,1.416666666666667,-15.215001038961038
VS_CANDIDATE_0260,Sulfonamido_Biphenyl,510.9,5.16,102.29,143.1,3.38,0.8263636363636362,0.49400000000000016,0.9366666666666664,-0.9333333333333335,-15.207758363636364
VS_CANDIDATE_0150,Triazine_Nanosheet_Binder,472.25,3.66,130.04,132.28,2.5,0.475,1.2868571428571427,0.5760000000000001,-1.6666666666666667,-15.207283285714285
VS_CANDIDATE_0118,Triazine_Nanosheet_Binder,392.8,4.68,138.31,119.63,3.36,-0.24727272727272717,1.5231428571428571,0.15433333333333318,-0.9500000000000002,-15.202658441558441
VS_CANDIDATE_0026,Quinazoline_Core,443.05,3.28,94.01,135.4,4.72,0.20954545454545465,0.25742857142857156,0.6800000000000002,0.18333333333333313,-15.192554688311688
VS_CANDIDATE_0285,Sulfonamido_Biphenyl,438.41,4.71,125.81,128.66,2.85,0.1673636363636366,1.1660000000000001,0.4553333333333332,-1.375,-15.187788363636363
VS_CANDIDATE_0062,Indole_Carboxamide,481.78,4.55,99.46,140.99,2.86,0.5616363636363634,0.413142857142857,0.8663333333333336,-1.366666666666667,-15.179833350649352
VS_CANDIDATE_0194,Tetrahydronaphthyridine,519.59,2.13,97.26,143.49,3.8,0.9053636363636367,0.3502857142857144,0.949666666666667,-0.5833333333333335,-15.177246792207793
VS_CANDIDATE_0103,Triazine_Nanosheet_Binder,461.68,3.95,109.44,133.08,4.1,0.378909090909091,0.6982857142857142,0.6026666666666671,-0.33333333333333365,-15.175366337662336
VS_CANDIDATE_0142,Triazine_Nanosheet_Binder,452.1,4.18,133.5,126.49,3.13,0.29181818181818203,1.3857142857142857,0.38299999999999984,-1.1416666666666668,-15.172981389610388
VS_CANDIDATE_0156,Tetrahydronaphthyridine,470.33,3.92,102.52,134.3,4.69,0.4575454545454544,0.5005714285714284,0.6433333333333338,0.15833333333333366,-15.159953402597402
VS_CANDIDATE_0289,Sulfonamido_Biphenyl,509.34,5.73,77.2,144.13,5.67,0.812181818181818,-0.22285714285714278,0.9709999999999999,0.975,-15.158900896103896
VS_CANDIDATE_0185,Tetrahydronaphthyridine,515.18,4.12,71.6,148.82,4.52,0.8652727272727269,-0.382857142857143,1.127333333333333,0.016666666666666313,-15.158040987012987
VS_CANDIDATE_0206,Fluoronaphthalenol_Core,445.93,6.37,89.49,138.24,3.51,0.23572727272727279,0.12828571428571414,0.774666666666667,-0.8250000000000002,-15.157802155844156
VS_CANDIDATE_0137,Triazine_Nanosheet_Binder,396.28,5.85,135.55,115.23,4.99,-0.21563636363636388,1.4442857142857146,0.007666666666666799,0.40833333333333355,-15.14553479220779
VS_CANDIDATE_0274,Sulfonamido_Biphenyl,533.64,5.25,91.32,147.2,2.96,1.033090909090909,0.18057142857142838,1.073333333333333,-1.2833333333333334,-15.143797948051947
VS_CANDIDATE_0191,Tetrahydronaphthyridine,436.16,2.4,90.18,136.4,3.49,0.14690909090909113,0.1480000000000002,0.7133333333333335,-0.8416666666666666,-15.140809909090908
VS_CANDIDATE_0241,Fluoronaphthalenol_Core,440.71,4.46,90.23,136.52,3.61,0.1882727272727271,0.14942857142857155,0.7173333333333337,-0.7416666666666668,-15.138766415584417
VS_CANDIDATE_0335,Benzimidazole_Heterocycle,423.05,5.53,105.89,123.88,6.41,0.02772727272727283,0.5968571428571429,0.2959999999999999,1.5916666666666668,-15.134851012987012
VS_CANDIDATE_0158,Tetrahydronaphthyridine,523.95,3.6,96.62,142.22,3.86,0.9450000000000004,0.33200000000000013,0.9073333333333333,-0.5333333333333334,-15.131758999999999
VS_CANDIDATE_0170,Tetrahydronaphthyridine,462.71,4.15,94.07,133.47,5.4,0.3882727272727271,0.25914285714285695,0.6156666666666666,0.7500000000000003,-15.128771987012986
VS_CANDIDATE_0154,Tetrahydronaphthyridine,391.78,2.16,108.62,120.0,6.2,-0.2565454545454548,0.6748571428571429,0.16666666666666666,1.416666666666667,-15.12797574025974
VS_CANDIDATE_0136,Triazine_Nanosheet_Binder,428.15,3.12,109.01,126.83,4.6,0.07409090909090889,0.6860000000000002,0.39433333333333326,0.08333333333333304,-15.126324090909092
VS_CANDIDATE_0122,Triazine_Nanosheet_Binder,465.01,4.78,109.22,126.94,6.33,0.4091818181818181,0.692,0.3979999999999999,1.5250000000000001,-15.126110181818182
VS_CANDIDATE_0002,Quinazoline_Core,404.12,2.45,115.7,124.8,3.35,-0.14436363636363633,0.8771428571428572,0.32666666666666655,-0.9583333333333333,-15.124534350649348
VS_CANDIDATE_0138,Triazine_Nanosheet_Binder,481.13,3.96,100.11,135.18,4.41,0.5557272727272727,0.4317142857142857,0.6726666666666669,-0.07499999999999989,-15.120481298701298
VS_CANDIDATE_0189,Tetrahydronaphthyridine,484.46,3.95,107.4,135.23,3.43,0.5859999999999999,0.6400000000000001,0.674333333333333,-0.8916666666666666,-15.119577000000001
VS_CANDIDATE_0195,Tetrahydronaphthyridine,411.84,3.16,95.24,126.02,6.07,-0.0741818181818184,0.2925714285714284,0.3673333333333332,1.3083333333333336,-15.115809675324675
VS_CANDIDATE_0203,Fluoronaphthalenol_Core,481.01,6.15,50.73,149.28,4.91,0.5546363636363636,-0.9791428571428572,1.1426666666666667,0.3416666666666668,-15.112963922077922
VS_CANDIDATE_0261,Sulfonamido_Biphenyl,450.2,3.27,116.97,122.35,6.32,0.2745454545454544,0.9134285714285714,0.2449999999999998,1.516666666666667,-15.108927688311688
VS_CANDIDATE_0090,Indole_Carboxamide,457.93,3.62,112.38,125.43,5.89,0.34481818181818186,0.7822857142857141,0.3476666666666669,1.1583333333333332,-15.108099246753246
VS_CANDIDATE_0182,Tetrahydronaphthyridine,480.47,3.65,113.58,132.36,3.35,0.549727272727273,0.8165714285714285,0.5786666666666671,-0.9583333333333333,-15.101903584415584
VS_CANDIDATE_0262,Sulfonamido_Biphenyl,402.29,4.68,110.34,119.68,6.07,-0.1609999999999998,0.7240000000000001,0.15600000000000022,1.3083333333333336,-15.099454
VS_CANDIDATE_0038,Quinazoline_Core,427.59,5.41,111.74,124.95,4.51,0.06899999999999977,0.7639999999999999,0.3316666666666668,0.008333333333333156,-15.096981999999999
VS_CANDIDATE_0028,Quinazoline_Core,447.6,5.48,102.4,133.17,2.84,0.25090909090909114,0.49714285714285733,0.6056666666666662,-1.3833333333333335,-15.092064623376624
VS_CANDIDATE_0187,Tetrahydronaphthyridine,474.93,2.32,67.37,143.6,4.34,0.4993636363636364,-0.5037142857142856,0.9533333333333331,-0.13333333333333347,-15.086688792207791
VS_CANDIDATE_0255,Sulfonamido_Biphenyl,358.7,5.63,124.26,111.96,5.3,-0.5572727272727274,1.1217142857142859,-0.10133333333333354,0.6666666666666665,-15.0864432987013
VS_CANDIDATE_0166,Tetrahydronaphthyridine,365.58,3.05,126.49,112.76,4.73,-0.49472727272727285,1.1854285714285713,-0.07466666666666649,0.19166666666666704,-15.076725415584415
VS_CANDIDATE_0146,Triazine_Nanosheet_Binder,429.13,4.25,127.32,117.29,5.54,0.08299999999999996,1.2091428571428569,0.07633333333333354,0.8666666666666667,-15.076252714285715
VS_CANDIDATE_0183,Tetrahydronaphthyridine,360.76,2.57,130.09,107.47,6.23,-0.5385454545454547,1.2882857142857145,-0.25100000000000006,1.441666666666667,-15.062191883116885
VS_CANDIDATE_0009,Quinazoline_Core,435.51,4.99,85.59,128.68,6.36,0.14099999999999993,0.016857142857142956,0.45600000000000024,1.5500000000000003,-15.060623285714286
VS_CANDIDATE_0227,Fluoronaphthalenol_Core,482.47,4.65,60.25,146.99,3.57,0.5679090909090911,-0.7071428571428572,1.0663333333333336,-0.7750000000000001,-15.056281194805194
VS_CANDIDATE_0056,Indole_Carboxamide,428.68,3.8,112.93,126.41,2.75,0.07890909090909097,0.7980000000000002,0.38033333333333325,-1.4583333333333335,-15.04829390909091
VS_CANDIDATE_0263,Sulfonamido_Biphenyl,431.8,5.92,100.94,129.43,3.03,0.10727272727272738,0.45542857142857135,0.4810000000000002,-1.2250000000000003,-15.036383415584416
VS_CANDIDATE_0181,Tetrahydronaphthyridine,457.54,3.77,90.45,133.13,4.09,0.34127272727272745,0.1557142857142858,0.6043333333333332,-0.3416666666666668,-15.036002844155842
VS_CANDIDATE_0186,Tetrahydronaphthyridine,353.45,3.86,128.63,111.49,3.61,-0.6050000000000001,1.2465714285714284,-0.11700000000000017,-0.7416666666666668,-15.034092857142857
VS_CANDIDATE_0267,Sulfonamido_Biphenyl,452.9,6.14,59.63,138.48,5.88,0.2990909090909089,-0.7248571428571428,0.7826666666666663,1.15,-15.033090805194805
VS_CANDIDATE_0293,Sulfonamido_Biphenyl,442.53,4.21,90.57,129.36,4.75,0.20481818181818157,0.15914285714285695,0.47866666666666713,0.20833333333333334,-15.014737532467533
VS_CANDIDATE_0172,Tetrahydronaphthyridine,462.41,3.19,88.77,131.35,4.97,0.38554545454545475,0.1077142857142856,0.5449999999999998,0.3916666666666665,-15.011029116883117
VS_CANDIDATE_0085,Indole_Carboxamide,443.63,4.75,91.5,126.39,6.01,0.21481818181818177,0.18571428571428572,0.3796666666666667,1.2583333333333333,-15.00998638961039
VS_CANDIDATE_0033,Quinazoline_Core,440.02,3.18,82.75,129.65,5.57,0.18199999999999983,-0.06428571428571428,0.4883333333333335,0.8916666666666669,-15.009543571428573
VS_CANDIDATE_0107,Triazine_Nanosheet_Binder,339.23,4.89,132.63,106.59,4.09,-0.7342727272727271,1.3608571428571428,-0.2803333333333332,-0.3416666666666668,-15.003447012987014
VS_CANDIDATE_0251,Sulfonamido_Biphenyl,477.25,5.58,92.06,134.74,3.35,0.5204545454545455,0.2017142857142858,0.6580000000000003,-0.9583333333333333,-14.999768025974024
VS_CANDIDATE_0235,Fluoronaphthalenol_Core,439.26,3.74,55.15,137.56,5.68,0.17509090909090902,-0.8528571428571429,0.7520000000000001,0.9833333333333332,-14.998978805194806
VS_CANDIDATE_0280,Sulfonamido_Biphenyl,428.41,3.65,118.48,121.87,3.12,0.07645454545454568,0.9565714285714287,0.22900000000000015,-1.15,-14.99718531168831
VS_CANDIDATE_0234,Fluoronaphthalenol_Core,475.77,6.33,77.06,137.46,4.15,0.5069999999999998,-0.22685714285714279,0.7486666666666669,-0.2916666666666664,-14.995547714285715
VS_CANDIDATE_0259,Sulfonamido_Biphenyl,407.68,6.62,100.0,119.78,5.85,-0.11199999999999993,0.42857142857142855,0.15933333333333338,1.1249999999999998,-14.994349857142854
VS_CANDIDATE_0266,Sulfonamido_Biphenyl,433.0,4.81,99.75,125.63,4.29,0.11818181818181818,0.42142857142857143,0.35433333333333317,-0.175,-14.993452324675324
VS_CANDIDATE_0243,Fluoronaphthalenol_Core,455.34,3.76,82.01,128.89,6.45,0.32127272727272704,-0.08542857142857128,0.4629999999999995,1.6250000000000002,-14.990869129870129
VS_CANDIDATE_0101,Triazine_Nanosheet_Binder,481.25,4.23,85.64,135.74,3.74,0.5568181818181818,0.0182857142857143,0.6913333333333337,-0.6333333333333332,-14.984286246753248
VS_CANDIDATE_0319,Benzimidazole_Heterocycle,372.49,3.08,102.45,116.06,5.34,-0.43190909090909085,0.49857142857142867,0.03533333333333341,0.7,-14.983720948051946
VS_CANDIDATE_0091,Indole_Carboxamide,439.65,2.94,70.94,132.55,5.38,0.17863636363636343,-0.4017142857142858,0.5850000000000004,0.7333333333333333,-14.980382064935066
VS_CANDIDATE_0145,Triazine_Nanosheet_Binder,400.02,2.38,92.82,119.34,6.42,-0.1816363636363638,0.22342857142857123,0.14466666666666678,1.6,-14.975915506493507
VS_CANDIDATE_0169,Tetrahydronaphthyridine,465.02,3.7,79.32,133.02,4.88,0.4092727272727271,-0.16228571428571448,0.600666666666667,0.3166666666666666,-14.966899844155844
VS_CANDIDATE_0273,Sulfonamido_Biphenyl,455.79,6.31,84.47,129.04,5.5,0.3253636363636366,-0.015142857142857175,0.46799999999999975,0.8333333333333334,-14.96317764935065
VS_CANDIDATE_0106,Triazine_Nanosheet_Binder,399.57,4.44,96.48,118.27,6.05,-0.1857272727272728,0.3280000000000001,0.10899999999999986,1.2916666666666665,-14.959549272727271
VS_CANDIDATE_0061,Indole_Carboxamide,366.68,3.89,109.82,110.46,5.72,-0.4847272727272727,0.709142857142857,-0.15133333333333354,1.0166666666666666,-14.935022987012985
VS_CANDIDATE_0253,Sulfonamido_Biphenyl,483.66,5.12,63.94,139.37,4.34,0.578727272727273,-0.6017142857142858,0.8123333333333335,-0.13333333333333347,-14.929384155844156
VS_CANDIDATE_0211,Fluoronaphthalenol_Core,460.99,4.32,43.81,141.67,5.13,0.3726363636363637,-1.1768571428571428,0.8889999999999996,0.5249999999999999,-14.92812535064935
VS_CANDIDATE_0024,Quinazoline_Core,438.69,3.51,63.23,132.05,5.74,0.1699090909090909,-0.6220000000000001,0.5683333333333337,1.0333333333333337,-14.927829909090908
VS_CANDIDATE_0120,Triazine_Nanosheet_Binder,364.16,3.8,122.07,108.93,4.34,-0.5076363636363634,1.059142857142857,-0.20233333333333312,-0.13333333333333347,-14.927540077922078
VS_CANDIDATE_0102,Triazine_Nanosheet_Binder,489.86,3.08,86.08,132.89,4.39,0.6350909090909093,0.03085714285714281,0.5963333333333328,-0.09166666666666694,-14.927208376623376
VS_CANDIDATE_0153,Tetrahydronaphthyridine,405.56,2.34,105.43,114.92,5.97,-0.13127272727272726,0.583714285714286,-0.0026666666666666098,1.2249999999999999,-14.9258282987013
VS_CANDIDATE_0184,Tetrahydronaphthyridine,397.54,3.91,72.82,124.28,5.82,-0.204181818181818,-0.3480000000000002,0.30933333333333335,1.1000000000000003,-14.917459818181818
VS_CANDIDATE_0288,Sulfonamido_Biphenyl,457.66,4.37,96.8,125.93,4.28,0.3423636363636366,0.3371428571428571,0.36433333333333356,-0.18333333333333313,-14.913224077922079
VS_CANDIDATE_0177,Tetrahydronaphthyridine,379.35,3.18,73.75,121.07,6.21,-0.36954545454545434,-0.32142857142857145,0.20233333333333312,1.425,-14.910916311688311
VS_CANDIDATE_0088,Indole_Carboxamide,424.3,4.85,66.56,131.38,4.48,0.0390909090909092,-0.5268571428571428,0.5459999999999998,-0.016666666666666313,-14.908394805194806
VS_CANDIDATE_0200,Tetrahydronaphthyridine,503.56,4.1,76.04,139.48,2.89,0.7596363636363637,-0.25599999999999984,0.8159999999999996,-1.3416666666666666,-14.900602636363637
VS_CANDIDATE_0297,Sulfonamido_Biphenyl,495.61,5.58,65.58,139.76,3.93,0.6873636363636365,-0.5548571428571429,0.825333333333333,-0.47499999999999987,-14.899830077922077
VS_CANDIDATE_0157,Tetrahydronaphthyridine,427.6,1.83,104.17,118.1,5.07,0.0690909090909093,0.5477142857142857,0.10333333333333314,0.47500000000000026,-14.892238662337661
VS_CANDIDATE_0147,Triazine_Nanosheet_Binder,361.93,4.57,137.97,98.39,6.25,-0.5279090909090909,1.5134285714285713,-0.5536666666666666,1.4583333333333335,-14.892168233766235
VS_CANDIDATE_0109,Triazine_Nanosheet_Binder,380.23,5.48,129.95,108.3,3.54,-0.3615454545454544,1.284285714285714,-0.22333333333333344,-0.8,-14.890491883116882
VS_CANDIDATE_0178,Tetrahydronaphthyridine,445.21,3.97,69.32,134.76,3.01,0.229181818181818,-0.4480000000000002,0.6586666666666664,-1.241666666666667,-14.884818181818181
VS_CANDIDATE_0290,Sulfonamido_Biphenyl,363.43,6.14,105.93,114.9,3.03,-0.5142727272727272,0.5980000000000002,-0.003333333333333144,-1.2250000000000003,-14.884096727272727
VS_CANDIDATE_0055,Indole_Carboxamide,457.91,4.35,66.43,131.44,5.61,0.34463636363636385,-0.5305714285714284,0.5479999999999999,0.9250000000000003,-14.88113077922078
VS_CANDIDATE_0168,Tetrahydronaphthyridine,360.57,2.61,123.93,105.42,4.64,-0.5402727272727273,1.1122857142857145,-0.3193333333333333,0.1166666666666664,-14.878211155844156
VS_CANDIDATE_0064,Indole_Carboxamide,369.46,3.32,87.03,118.05,4.47,-0.4594545454545456,0.05800000000000003,0.10166666666666657,-0.02500000000000021,-14.873963545454544
VS_CANDIDATE_0127,Triazine_Nanosheet_Binder,393.95,5.46,109.85,114.13,4.12,-0.23681818181818193,0.7099999999999999,-0.02900000000000015,-0.3166666666666666,-14.873825181818184
VS_CANDIDATE_0188,Tetrahydronaphthyridine,467.87,2.82,93.2,129.42,2.8,0.4351818181818182,0.23428571428571437,0.48066666666666624,-1.416666666666667,-14.86912261038961
VS_CANDIDATE_0099,Indole_Carboxamide,466.21,3.29,95.32,128.85,2.64,0.4200909090909089,0.29485714285714265,0.4616666666666665,-1.55,-14.867384376623377
VS_CANDIDATE_0212,Fluoronaphthalenol_Core,445.74,5.5,78.38,127.31,4.65,0.23400000000000007,-0.18914285714285728,0.4103333333333334,0.1250000000000003,-14.852277285714285
VS_CANDIDATE_0036,Quinazoline_Core,456.58,4.81,87.71,124.79,4.96,0.3325454545454544,0.07742857142857125,0.32633333333333353,0.3833333333333333,-14.85056568831169
VS_CANDIDATE_0276,Sulfonamido_Biphenyl,451.86,4.73,62.08,129.51,6.14,0.28963636363636375,-0.6548571428571429,0.48366666666666636,1.3666666666666665,-14.841057350649349
VS_CANDIDATE_0037,Quinazoline_Core,360.48,5.44,99.66,109.87,5.31,-0.541090909090909,0.41885714285714276,-0.17099999999999985,0.6749999999999997,-14.833876194805192
VS_CANDIDATE_0210,Fluoronaphthalenol_Core,459.13,5.58,83.51,126.76,4.35,0.35572727272727267,-0.04257142857142843,0.3920000000000002,-0.1250000000000003,-14.82861187012987
VS_CANDIDATE_0321,Benzimidazole_Heterocycle,370.07,3.32,92.86,114.08,4.59,-0.453909090909091,0.22457142857142856,-0.030666666666666724,0.07499999999999989,-14.824151948051949
VS_CANDIDATE_0140,Triazine_Nanosheet_Binder,449.69,4.09,78.4,125.32,5.23,0.2699090909090909,-0.18857142857142842,0.34399999999999975,0.6083333333333337,-14.822106051948055
VS_CANDIDATE_0223,Fluoronaphthalenol_Core,438.25,3.55,89.92,122.22,4.01,0.16590909090909092,0.14057142857142862,0.24066666666666664,-0.40833333333333355,-14.800457766233768
VS_CANDIDATE_0060,Indole_Carboxamide,365.8,5.33,76.43,113.75,6.37,-0.4927272727272726,-0.24485714285714266,-0.041666666666666664,1.5583333333333336,-14.789781987012985
VS_CANDIDATE_0073,Indole_Carboxamide,331.6,2.84,117.23,99.72,5.22,-0.8036363636363635,0.9208571428571429,-0.5093333333333334,0.5999999999999999,-14.785722649350651
VS_CANDIDATE_0034,Quinazoline_Core,460.67,5.58,73.72,124.3,6.21,0.36972727272727285,-0.32228571428571434,0.3099999999999999,1.425,-14.782027298701298
VS_CANDIDATE_0316,Benzimidazole_Heterocycle,382.25,4.5,94.42,117.11,2.64,-0.3431818181818182,0.2691428571428572,0.07033333333333332,-1.55,-14.779572532467533
VS_CANDIDATE_0240,Fluoronaphthalenol_Core,404.21,6.14,57.95,126.48,4.63,-0.14354545454545473,-0.7728571428571428,0.3826666666666668,0.10833333333333325,-14.775473168831168
VS_CANDIDATE_0025,Quinazoline_Core,400.18,3.73,113.38,109.8,3.86,-0.1801818181818181,0.8108571428571427,-0.17333333333333342,-0.5333333333333334,-14.762090103896103
VS_CANDIDATE_0131,Triazine_Nanosheet_Binder,379.39,3.83,124.36,106.0,2.94,-0.36918181818181833,1.1245714285714286,-0.3,-1.3,-14.758347675324675
VS_CANDIDATE_0069,Indole_Carboxamide,457.2,5.64,59.17,128.55,5.72,0.3381818181818181,-0.738,0.45166666666666705,1.0166666666666666,-14.757674181818182
VS_CANDIDATE_0139,Triazine_Nanosheet_Binder,291.45,3.51,137.94,91.31,3.63,-1.1686363636363637,1.5125714285714285,-0.7896666666666666,-0.7250000000000001,-14.757155220779223
VS_CANDIDATE_0283,Sulfonamido_Biphenyl,451.73,3.63,63.12,125.66,6.2,0.28845454545454563,-0.6251428571428572,0.3553333333333332,1.416666666666667,-14.755014740259739
VS_CANDIDATE_0220,Fluoronaphthalenol_Core,442.58,6.03,81.58,124.91,3.19,0.20527272727272713,-0.09771428571428577,0.3303333333333332,-1.0916666666666668,-14.7482717012987
VS_CANDIDATE_0005,Quinazoline_Core,280.48,2.6,114.23,92.85,5.73,-1.2683636363636361,0.8351428571428573,-0.7383333333333335,1.0250000000000004,-14.746618350649351
VS_CANDIDATE_0041,Quinazoline_Core,364.79,3.52,105.76,102.57,6.36,-0.5019090909090907,0.5931428571428573,-0.41433333333333355,1.5500000000000003,-14.740865805194804
VS_CANDIDATE_0165,Tetrahydronaphthyridine,351.21,1.79,107.74,103.64,4.87,-0.6253636363636366,0.6497142857142856,-0.37866666666666665,0.30833333333333346,-14.740730207792208
VS_CANDIDATE_0213,Fluoronaphthalenol_Core,451.45,6.27,31.0,136.4,5.53,0.2859090909090908,-1.542857142857143,0.7133333333333335,0.8583333333333336,-14.738236623376622
VS_CANDIDATE_0307,Benzimidazole_Heterocycle,343.79,2.65,102.86,105.68,4.11,-0.6928181818181817,0.5102857142857142,-0.3106666666666664,-0.32499999999999973,-14.733109610389612
VS_CANDIDATE_0238,Fluoronaphthalenol_Core,467.38,5.24,65.08,127.98,5.13,0.4307272727272727,-0.5691428571428572,0.4326666666666668,0.5249999999999999,-14.732788012987013
VS_CANDIDATE_0104,Triazine_Nanosheet_Binder,325.15,5.38,138.96,93.51,3.58,-0.8622727272727275,1.541714285714286,-0.7163333333333332,-0.7666666666666666,-14.7311982987013
VS_CANDIDATE_0299,Sulfonamido_Biphenyl,332.68,5.74,114.56,102.96,3.07,-0.7938181818181818,0.8445714285714286,-0.40133333333333354,-1.1916666666666669,-14.731138038961038
VS_CANDIDATE_0209,Fluoronaphthalenol_Core,426.81,5.25,71.55,124.67,3.69,0.06190909090909093,-0.38428571428571434,0.3223333333333334,-0.675,-14.729617480519481
VS_CANDIDATE_0291,Sulfonamido_Biphenyl,410.69,4.76,58.83,124.91,4.7,-0.08463636363636366,-0.7477142857142858,0.3303333333333332,0.16666666666666682,-14.729470792207792
VS_CANDIDATE_0035,Quinazoline_Core,466.74,2.64,69.21,129.51,3.57,0.424909090909091,-0.45114285714285735,0.48366666666666636,-0.7750000000000001,-14.724212194805194
VS_CANDIDATE_0021,Quinazoline_Core,465.88,3.81,50.12,132.35,5.04,0.41709090909090907,-0.9965714285714287,0.5783333333333331,0.45000000000000007,-14.724122233766234
VS_CANDIDATE_0176,Tetrahydronaphthyridine,347.62,3.36,116.01,99.29,5.16,-0.6579999999999999,0.8860000000000001,-0.5236666666666665,0.5500000000000002,-14.720454
VS_CANDIDATE_0244,Fluoronaphthalenol_Core,404.24,3.93,91.96,116.74,3.15,-0.1432727272727272,0.19885714285714268,0.05799999999999983,-1.1250000000000002,-14.720436012987012
VS_CANDIDATE_0298,Sulfonamido_Biphenyl,377.85,6.51,56.79,120.76,5.21,-0.38318181818181796,-0.806,0.19200000000000017,0.5916666666666667,-14.719717818181817
VS_CANDIDATE_0324,Benzimidazole_Heterocycle,369.62,4.14,96.76,110.62,3.66,-0.45799999999999996,0.33600000000000013,-0.14599999999999985,-0.7,-14.719586
VS_CANDIDATE_0048,Quinazoline_Core,459.57,5.48,66.07,123.98,6.23,0.3597272727272727,-0.540857142857143,0.29933333333333345,1.441666666666667,-14.717036441558443
VS_CANDIDATE_0175,Tetrahydronaphthyridine,339.22,3.75,130.11,93.49,5.26,-0.7343636363636361,1.2888571428571431,-0.7170000000000002,0.6333333333333332,-14.71214192207792
VS_CANDIDATE_0208,Fluoronaphthalenol_Core,425.69,3.73,78.2,116.03,6.36,0.051727272727272705,-0.1942857142857142,0.03433333333333337,1.5500000000000003,-14.706058298701299
VS_CANDIDATE_0031,Quinazoline_Core,436.58,4.68,87.59,119.12,3.97,0.15072727272727257,0.0740000000000001,0.13733333333333347,-0.44166666666666654,-14.705437727272727
VS_CANDIDATE_0282,Sulfonamido_Biphenyl,379.51,6.61,87.95,115.03,3.06,-0.3680909090909092,0.08428571428571437,0.001000000000000038,-1.2,-14.70449933766234
VS_CANDIDATE_0284,Sulfonamido_Biphenyl,401.43,3.67,90.32,110.0,5.84,-0.16881818181818176,0.1519999999999998,-0.16666666666666666,1.1166666666666667,-14.684719181818181
VS_CANDIDATE_0198,Tetrahydronaphthyridine,359.92,4.36,98.94,109.38,2.67,-0.546181818181818,0.39828571428571424,-0.1873333333333335,-1.5250000000000001,-14.678562246753245
VS_CANDIDATE_0205,Fluoronaphthalenol_Core,475.17,4.19,38.74,132.0,6.05,0.5015454545454547,-1.3217142857142856,0.5666666666666667,1.2916666666666665,-14.653797974025974
VS_CANDIDATE_0257,Sulfonamido_Biphenyl,453.75,3.49,73.1,122.3,4.38,0.3068181818181818,-0.34000000000000014,0.24333333333333323,-0.10000000000000009,-14.64815681818182
VS_CANDIDATE_0110,Triazine_Nanosheet_Binder,344.96,4.54,101.39,102.63,4.24,-0.6821818181818183,0.4682857142857143,-0.4123333333333335,-0.2166666666666665,-14.647757246753246
VS_CANDIDATE_0012,Quinazoline_Core,436.77,3.95,54.49,124.71,5.18,0.1524545454545453,-0.8717142857142857,0.32366666666666644,0.5666666666666664,-14.647547883116882
VS_CANDIDATE_0030,Quinazoline_Core,391.21,3.16,97.66,109.28,3.8,-0.2617272727272729,0.3617142857142856,-0.19066666666666662,-0.5833333333333335,-14.644110844155843
VS_CANDIDATE_0125,Triazine_Nanosheet_Binder,291.11,4.8,93.54,95.0,6.38,-1.1717272727272725,0.2440000000000002,-0.6666666666666666,1.5666666666666667,-14.64347427272727
VS_CANDIDATE_0077,Indole_Carboxamide,268.15,2.48,103.68,90.03,6.09,-1.3804545454545456,0.5337142857142859,-0.8323333333333333,1.325,-14.642039116883117
VS_CANDIDATE_0058,Indole_Carboxamide,423.28,5.07,81.34,118.34,3.32,0.02981818181818157,-0.10457142857142847,0.11133333333333345,-0.9833333333333335,-14.636316961038961
VS_CANDIDATE_0258,Sulfonamido_Biphenyl,381.45,5.71,98.09,103.1,6.01,-0.3504545454545456,0.3740000000000001,-0.39666666666666683,1.2583333333333333,-14.631866545454546
VS_CANDIDATE_0345,Benzimidazole_Heterocycle,306.45,4.9,96.3,98.58,4.68,-1.0322727272727275,0.3228571428571428,-0.5473333333333333,0.14999999999999977,-14.627334012987012
VS_CANDIDATE_0281,Sulfonamido_Biphenyl,330.93,4.5,111.59,99.58,2.91,-0.8097272727272726,0.7597142857142858,-0.514,-1.325,-14.617829844155844
VS_CANDIDATE_0214,Fluoronaphthalenol_Core,451.91,5.0,65.37,124.03,4.04,0.29009090909090934,-0.5608571428571427,0.30100000000000005,-0.3833333333333333,-14.617617805194804
VS_CANDIDATE_0132,Triazine_Nanosheet_Binder,337.03,2.51,73.98,109.12,4.21,-0.7542727272727275,-0.3148571428571427,-0.19599999999999984,-0.2416666666666667,-14.613860441558442
VS_CANDIDATE_0250,Fluoronaphthalenol_Core,416.12,3.6,42.47,128.63,3.41,-0.03527272727272723,-1.215142857142857,0.4543333333333332,-0.9083333333333332,-14.612220012987011
VS_CANDIDATE_0115,Triazine_Nanosheet_Binder,344.6,4.92,90.28,104.15,4.48,-0.6854545454545452,0.15085714285714288,-0.36166666666666647,-0.016666666666666313,-14.611652831168833
VS_CANDIDATE_0199,Tetrahydronaphthyridine,341.96,2.03,63.93,109.88,5.45,-0.7094545454545457,-0.602,-0.17066666666666683,0.7916666666666669,-14.605665545454546
VS_CANDIDATE_0268,Sulfonamido_Biphenyl,430.25,3.92,83.95,116.36,3.61,0.09318181818181819,-0.02999999999999992,0.045333333333333316,-0.7416666666666668,-14.60392218181818
VS_CANDIDATE_0221,Fluoronaphthalenol_Core,299.26,5.75,99.61,93.74,5.46,-1.0976363636363637,0.4174285714285714,-0.7086666666666669,0.8,-14.590267506493506
VS_CANDIDATE_0148,Triazine_Nanosheet_Binder,321.57,5.06,122.33,94.51,2.73,-0.8948181818181818,1.0665714285714285,-0.6829999999999998,-1.475,-14.58915903896104
VS_CANDIDATE_0075,Indole_Carboxamide,339.78,4.68,94.84,97.26,6.45,-0.7292727272727275,0.28114285714285725,-0.5913333333333332,1.6250000000000002,-14.588779441558442
VS_CANDIDATE_0098,Indole_Carboxamide,379.87,5.64,79.13,108.3,5.45,-0.36481818181818176,-0.16771428571428584,-0.22333333333333344,0.7916666666666669,-14.58804361038961
VS_CANDIDATE_0126,Triazine_Nanosheet_Binder,295.93,3.95,109.3,90.75,5.1,-1.1279090909090908,0.6942857142857142,-0.8083333333333333,0.4999999999999997,-14.58101551948052
VS_CANDIDATE_0249,Fluoronaphthalenol_Core,339.31,6.3,63.22,109.59,5.04,-0.7335454545454545,-0.6222857142857143,-0.1803333333333332,0.45000000000000007,-14.578001025974025
VS_CANDIDATE_0007,Quinazoline_Core,415.0,3.86,62.37,122.55,2.63,-0.045454545454545456,-0.6465714285714287,0.2516666666666666,-1.5583333333333336,-14.577802688311689
VS_CANDIDATE_0331,Benzimidazole_Heterocycle,357.05,5.48,91.94,105.91,3.22,-0.5722727272727272,0.19828571428571423,-0.3030000000000001,-1.0666666666666667,-14.571135155844157
VS_CANDIDATE_0133,Triazine_Nanosheet_Binder,333.5,5.68,127.77,90.17,4.17,-0.7863636363636364,1.222,-0.8276666666666667,-0.2750000000000001,-14.566822636363636
VS_CANDIDATE_0239,Fluoronaphthalenol_Core,436.65,6.73,44.49,127.73,3.65,0.15136363636363614,-1.1574285714285715,0.42433333333333345,-0.7083333333333335,-14.564813220779222
VS_CANDIDATE_0052,Indole_Carboxamide,398.9,3.39,68.06,115.97,3.91,-0.19181818181818203,-0.48399999999999993,0.0323333333333333,-0.4916666666666666,-14.564779181818182
VS_CANDIDATE_0112,Triazine_Nanosheet_Binder,345.1,4.25,117.07,96.79,3.06,-0.6809090909090907,0.916285714285714,-0.6069999999999998,-1.2,-14.56165251948052
VS_CANDIDATE_0287,Sulfonamido_Biphenyl,430.69,4.21,74.32,119.49,2.73,0.09718181818181816,-0.3051428571428573,0.1496666666666665,-1.475,-14.559594467532468
VS_CANDIDATE_0313,Benzimidazole_Heterocycle,432.91,4.69,59.54,118.32,5.63,0.11736363636363659,-0.7274285714285714,0.11066666666666644,0.9416666666666667,-14.558979220779218
VS_CANDIDATE_0245,Fluoronaphthalenol_Core,379.56,5.87,92.55,102.87,5.43,-0.3676363636363636,0.21571428571428564,-0.40433333333333316,0.7749999999999998,-14.556467935064935
VS_CANDIDATE_0063,Indole_Carboxamide,359.98,5.61,75.75,106.27,5.29,-0.5456363636363635,-0.2642857142857143,-0.29100000000000015,0.6583333333333334,-14.552767935064933
VS_CANDIDATE_0013,Quinazoline_Core,304.45,4.34,74.61,99.68,5.9,-1.0504545454545455,-0.2968571428571429,-0.5106666666666665,1.166666666666667,-14.55222525974026
VS_CANDIDATE_0192,Tetrahydronaphthyridine,385.14,4.44,72.68,113.55,3.36,-0.31690909090909103,-0.3519999999999998,-0.04833333333333343,-0.9500000000000002,-14.54678309090909
VS_CANDIDATE_0332,Benzimidazole_Heterocycle,262.35,2.4,97.74,88.08,5.67,-1.433181818181818,0.3639999999999999,-0.8973333333333334,0.975,-14.538305818181817
VS_CANDIDATE_0011,Quinazoline_Core,287.0,4.86,103.12,87.48,6.21,-1.209090909090909,0.5177142857142858,-0.9173333333333332,1.425,-14.530282480519482
VS_CANDIDATE_0086,Indole_Carboxamide,357.28,3.74,87.28,101.06,5.49,-0.5701818181818185,0.06514285714285717,-0.4646666666666666,0.8250000000000002,-14.529510532467533
VS_CANDIDATE_0164,Tetrahydronaphthyridine,367.99,5.0,92.8,99.78,5.76,-0.47281818181818175,0.22285714285714278,-0.5073333333333333,1.0499999999999998,-14.527269467532468
VS_CANDIDATE_0254,Sulfonamido_Biphenyl,416.88,6.57,63.92,120.18,2.67,-0.028363636363636403,-0.6022857142857142,0.17266666666666688,-1.5250000000000001,-14.527145207792207
VS_CANDIDATE_0117,Triazine_Nanosheet_Binder,339.73,3.72,92.94,97.24,5.38,-0.7297272727272726,0.22685714285714279,-0.5920000000000002,0.7333333333333333,-14.517134558441558
VS_CANDIDATE_0081,Indole_Carboxamide,341.2,4.01,93.29,101.51,3.31,-0.7163636363636364,0.23685714285714304,-0.4496666666666665,-0.9916666666666667,-14.515888922077924
VS_CANDIDATE_0097,Indole_Carboxamide,348.04,2.61,78.35,108.51,2.52,-0.654181818181818,-0.19000000000000017,-0.21633333333333316,-1.6500000000000001,-14.515825818181817
VS_CANDIDATE_0050,Quinazoline_Core,330.54,4.62,79.89,98.46,6.27,-0.813272727272727,-0.146,-0.5513333333333336,1.4749999999999996,-14.515003727272726
VS_CANDIDATE_0312,Benzimidazole_Heterocycle,376.12,2.25,50.37,114.58,5.17,-0.3989090909090909,-0.9894285714285715,-0.014000000000000058,0.5583333333333333,-14.514134948051948
VS_CANDIDATE_0237,Fluoronaphthalenol_Core,313.18,4.93,99.18,98.13,2.61,-0.971090909090909,0.40514285714285736,-0.5623333333333335,-1.5750000000000002,-14.512667623376624
VS_CANDIDATE_0295,Sulfonamido_Biphenyl,438.98,6.64,60.33,117.98,5.06,0.17254545454545472,-0.704857142857143,0.09933333333333347,0.46666666666666634,-14.51096625974026
VS_CANDIDATE_0330,Benzimidazole_Heterocycle,317.2,2.7,105.74,94.41,3.47,-0.9345454545454547,0.5925714285714284,-0.6863333333333335,-0.8583333333333332,-14.505019311688313
VS_CANDIDATE_0114,Triazine_Nanosheet_Binder,298.75,3.78,107.55,93.06,2.93,-1.1022727272727273,0.6442857142857142,-0.7313333333333333,-1.3083333333333333,-14.504558155844155
VS_CANDIDATE_0225,Fluoronaphthalenol_Core,426.05,6.03,41.35,126.5,3.04,0.055000000000000104,-1.247142857142857,0.38333333333333336,-1.2166666666666668,-14.504069285714284
VS_CANDIDATE_0066,Indole_Carboxamide,335.78,5.56,88.07,102.37,3.19,-0.7656363636363639,0.08771428571428552,-0.4209999999999999,-1.0916666666666668,-14.504013935064934
VS_CANDIDATE_0016,Quinazoline_Core,278.34,5.63,104.38,85.6,5.99,-1.287818181818182,0.5537142857142856,-0.9800000000000002,1.241666666666667,-14.503425753246752
VS_CANDIDATE_0071,Indole_Carboxamide,264.71,3.3,104.82,87.02,4.55,-1.411727272727273,0.5662857142857141,-0.9326666666666668,0.04166666666666652,-14.502702701298702
VS_CANDIDATE_0054,Indole_Carboxamide,286.91,2.69,120.73,83.67,4.82,-1.2099090909090906,1.020857142857143,-1.0443333333333333,0.26666666666666694,-14.500640376623377
VS_CANDIDATE_0040,Quinazoline_Core,276.92,5.81,106.54,89.75,3.5,-1.3007272727272725,0.6154285714285717,-0.8416666666666667,-0.8333333333333334,-14.498946415584417
VS_CANDIDATE_0045,Quinazoline_Core,305.65,5.72,99.46,91.67,4.95,-1.0395454545454548,0.413142857142857,-0.7776666666666666,0.37500000000000017,-14.493167168831171
VS_CANDIDATE_0008,Quinazoline_Core,332.15,5.62,98.72,94.53,4.78,-0.7986363636363638,0.39199999999999996,-0.6823333333333333,0.23333333333333356,-14.482349363636363
VS_CANDIDATE_0051,Indole_Carboxamide,390.67,5.57,58.07,110.01,6.3,-0.2666363636363635,-0.7694285714285715,-0.16633333333333317,1.5,-14.48084422077922
VS_CANDIDATE_0341,Benzimidazole_Heterocycle,346.98,3.48,93.81,97.17,4.76,-0.6638181818181816,0.2517142857142858,-0.5943333333333333,0.2166666666666665,-14.470932753246752
VS_CANDIDATE_0246,Fluoronaphthalenol_Core,382.64,5.84,52.23,111.56,5.79,-0.33963636363636374,-0.9362857142857144,-0.1146666666666666,1.0750000000000002,-14.467857935064933
VS_CANDIDATE_0015,Quinazoline_Core,370.82,4.81,57.56,110.92,4.66,-0.44709090909090915,-0.7839999999999999,-0.13599999999999995,0.13333333333333347,-14.465236909090908
VS_CANDIDATE_0068,Indole_Carboxamide,340.06,4.18,103.22,91.0,5.7,-0.7267272727272727,0.5205714285714286,-0.8,1.0000000000000002,-14.45623612987013
VS_CANDIDATE_0309,Benzimidazole_Heterocycle,376.84,2.45,97.43,100.59,3.49,-0.3923636363636366,0.3551428571428573,-0.4803333333333332,-0.8416666666666666,-14.44251435064935
VS_CANDIDATE_0116,Triazine_Nanosheet_Binder,371.43,4.18,76.02,102.32,5.45,-0.44154545454545446,-0.2565714285714287,-0.4226666666666669,0.7916666666666669,-14.433316597402596
VS_CANDIDATE_0020,Quinazoline_Core,299.66,3.24,96.55,93.15,3.09,-1.0939999999999999,0.3299999999999999,-0.7283333333333332,-1.1750000000000003,-14.425514999999999
VS_CANDIDATE_0160,Tetrahydronaphthyridine,329.58,2.47,63.61,100.23,6.09,-0.8220000000000002,-0.6111428571428572,-0.4923333333333332,1.325,-14.423689285714286
VS_CANDIDATE_0039,Quinazoline_Core,332.52,2.55,109.87,88.66,4.82,-0.7952727272727275,0.7105714285714287,-0.8780000000000001,0.26666666666666694,-14.422955584415584
VS_CANDIDATE_0006,Quinazoline_Core,398.64,3.91,56.35,116.52,2.64,-0.19418181818181832,-0.8185714285714285,0.050666666666666534,-1.55,-14.41973696103896
VS_CANDIDATE_0044,Quinazoline_Core,339.78,4.78,51.88,108.44,4.27,-0.7292727272727275,-0.9462857142857142,-0.21866666666666673,-0.19166666666666704,-14.417076298701298
VS_CANDIDATE_0018,Quinazoline_Core,339.5,5.24,108.06,90.2,4.54,-0.7318181818181818,0.6588571428571429,-0.8266666666666665,0.03333333333333337,-14.414910467532467
VS_CANDIDATE_0029,Quinazoline_Core,380.74,2.41,54.91,114.88,2.52,-0.35690909090909084,-0.8597142857142858,-0.004000000000000152,-1.6500000000000001,-14.40672051948052
VS_CANDIDATE_0072,Indole_Carboxamide,378.78,3.27,73.74,108.6,2.58,-0.37472727272727296,-0.32171428571428584,-0.2133333333333335,-1.6,-14.4050007012987
VS_CANDIDATE_0346,Benzimidazole_Heterocycle,350.81,2.34,83.2,100.51,3.68,-0.629,-0.051428571428571344,-0.4829999999999998,-0.6833333333333332,-14.404871857142858
VS_CANDIDATE_0093,Indole_Carboxamide,322.5,4.57,118.72,88.08,2.9,-0.8863636363636364,0.9634285714285714,-0.8973333333333334,-1.3333333333333335,-14.403678779220778
VS_CANDIDATE_0202,Fluoronaphthalenol_Core,305.57,3.78,73.28,96.05,5.08,-1.0402727272727272,-0.3348571428571428,-0.6316666666666667,0.4833333333333334,-14.40350744155844
VS_CANDIDATE_0230,Fluoronaphthalenol_Core,318.1,5.91,98.92,89.2,5.12,-0.9263636363636362,0.39771428571428574,-0.8599999999999999,0.5166666666666668,-14.402808207792209
VS_CANDIDATE_0074,Indole_Carboxamide,276.27,4.3,95.97,87.26,4.23,-1.3066363636363638,0.3134285714285714,-0.9246666666666665,-0.22499999999999964,-14.391753506493506
VS_CANDIDATE_0242,Fluoronaphthalenol_Core,304.72,4.0,92.81,93.41,3.11,-1.0479999999999998,0.2231428571428572,-0.7196666666666668,-1.1583333333333334,-14.390352714285713
VS_CANDIDATE_0070,Indole_Carboxamide,304.42,3.72,88.81,92.6,3.98,-1.0507272727272725,0.10885714285714292,-0.7466666666666668,-0.43333333333333335,-14.384459558441558
VS_CANDIDATE_0003,Quinazoline_Core,381.94,2.4,49.42,112.44,4.1,-0.34600000000000003,-1.0165714285714285,-0.08533333333333341,-0.33333333333333365,-14.380979142857143
VS_CANDIDATE_0100,Indole_Carboxamide,320.12,3.19,69.78,94.94,6.4,-0.9079999999999999,-0.43485714285714283,-0.6686666666666667,1.5833333333333337,-14.379115714285714
VS_CANDIDATE_0027,Quinazoline_Core,262.68,5.51,110.84,81.21,3.86,-1.4301818181818182,0.7382857142857144,-1.1263333333333336,-0.5333333333333334,-14.371979246753247
VS_CANDIDATE_0350,Benzimidazole_Heterocycle,267.23,2.24,89.73,89.16,3.4,-1.3888181818181817,0.13514285714285726,-0.8613333333333334,-0.9166666666666667,-14.370296896103897
VS_CANDIDATE_0229,Fluoronaphthalenol_Core,263.28,5.67,97.67,79.92,6.25,-1.424727272727273,0.36200000000000004,-1.1693333333333333,1.4583333333333335,-14.358526272727273
VS_CANDIDATE_0310,Benzimidazole_Heterocycle,297.09,3.18,97.67,84.45,5.66,-1.1173636363636366,0.36200000000000004,-1.0183333333333333,0.9666666666666668,-14.355014636363634
VS_CANDIDATE_0004,Quinazoline_Core,346.16,5.12,61.79,102.21,4.87,-0.671272727272727,-0.6631428571428571,-0.42633333333333356,0.30833333333333346,-14.352518012987012
VS_CANDIDATE_0231,Fluoronaphthalenol_Core,364.97,6.75,72.83,104.18,2.96,-0.500272727272727,-0.34771428571428575,-0.3606666666666664,-1.2833333333333334,-14.341235155844156
VS_CANDIDATE_0306,Benzimidazole_Heterocycle,341.81,4.46,75.52,99.97,3.44,-0.7108181818181818,-0.27085714285714296,-0.501,-0.8833333333333334,-14.340872896103896
VS_CANDIDATE_0236,Fluoronaphthalenol_Core,383.58,6.01,83.02,102.76,3.01,-0.3310909090909092,-0.05657142857142868,-0.4079999999999998,-1.241666666666667,-14.340513051948053
VS_CANDIDATE_0057,Indole_Carboxamide,259.42,2.68,103.31,78.32,5.5,-1.4598181818181817,0.5231428571428572,-1.2226666666666668,0.8333333333333334,-14.333309896103895
VS_CANDIDATE_0179,Tetrahydronaphthyridine,339.9,2.19,79.0,97.01,4.02,-0.7281818181818184,-0.17142857142857143,-0.5996666666666665,-0.40000000000000036,-14.328728675324676
VS_CANDIDATE_0135,Triazine_Nanosheet_Binder,310.98,2.52,99.62,82.81,6.33,-0.9910909090909089,0.41771428571428587,-1.073,1.5250000000000001,-14.32803448051948
VS_CANDIDATE_0078,Indole_Carboxamide,257.49,5.83,89.24,81.56,5.78,-1.4773636363636362,0.121142857142857,-1.1146666666666667,1.0666666666666669,-14.32355035064935
VS_CANDIDATE_0328,Benzimidazole_Heterocycle,335.51,5.4,50.15,101.8,5.74,-0.7680909090909092,-0.9957142857142858,-0.4400000000000001,1.0333333333333337,-14.322917337662336
VS_CANDIDATE_0001,Quinazoline_Core,409.62,4.47,58.73,112.81,2.73,-0.09436363636363632,-0.7505714285714287,-0.07299999999999993,-1.475,-14.32068377922078
VS_CANDIDATE_0340,Benzimidazole_Heterocycle,328.01,4.02,72.39,99.55,2.86,-0.8362727272727274,-0.36028571428571426,-0.5150000000000001,-1.366666666666667,-14.310648298701297
VS_CANDIDATE_0161,Tetrahydronaphthyridine,339.25,5.05,87.69,92.02,4.44,-0.7340909090909091,0.07685714285714279,-0.7660000000000001,-0.04999999999999968,-14.294740194805195
VS_CANDIDATE_0336,Benzimidazole_Heterocycle,323.92,4.74,55.99,98.51,5.17,-0.8734545454545453,-0.8288571428571428,-0.5496666666666665,0.5583333333333333,-14.28584125974026
VS_CANDIDATE_0216,Fluoronaphthalenol_Core,299.96,4.71,58.39,96.48,4.54,-1.0912727272727274,-0.7602857142857142,-0.6173333333333332,0.03333333333333337,-14.2823452987013
VS_CANDIDATE_0344,Benzimidazole_Heterocycle,312.56,3.37,97.46,85.39,4.22,-0.9767272727272727,0.3559999999999998,-0.987,-0.23333333333333356,-14.261541272727273
VS_CANDIDATE_0247,Fluoronaphthalenol_Core,371.93,6.25,53.69,102.62,5.35,-0.43699999999999994,-0.8945714285714287,-0.4126666666666665,0.708333333333333,-14.257027142857142
VS_CANDIDATE_0308,Benzimidazole_Heterocycle,380.23,3.18,66.85,103.52,3.26,-0.3615454545454544,-0.5185714285714287,-0.3826666666666668,-1.0333333333333337,-14.253185597402597
VS_CANDIDATE_0207,Fluoronaphthalenol_Core,386.56,3.98,34.0,109.64,5.51,-0.304,-1.457142857142857,-0.17866666666666664,0.8416666666666666,-14.249435285714284
VS_CANDIDATE_0318,Benzimidazole_Heterocycle,233.87,2.38,85.36,76.95,5.63,-1.692090909090909,0.01028571428571427,-1.2683333333333333,0.9416666666666667,-14.228960337662338
VS_CANDIDATE_0059,Indole_Carboxamide,303.94,5.49,107.88,81.04,3.57,-1.055090909090909,0.6537142857142856,-1.132,-0.7750000000000001,-14.22202448051948
VS_CANDIDATE_0130,Triazine_Nanosheet_Binder,295.42,2.67,75.36,87.31,4.82,-1.1325454545454543,-0.27542857142857147,-0.9229999999999999,0.26666666666666694,-14.21068031168831
VS_CANDIDATE_0218,Fluoronaphthalenol_Core,372.86,3.62,34.33,106.09,5.64,-0.4285454545454544,-1.4477142857142857,-0.2969999999999999,0.9499999999999997,-14.204206883116882
VS_CANDIDATE_0334,Benzimidazole_Heterocycle,314.75,4.31,43.8,95.58,6.42,-0.9568181818181818,-1.1771428571428573,-0.6473333333333334,1.6,-14.203979467532466
VS_CANDIDATE_0219,Fluoronaphthalenol_Core,377.23,4.89,40.55,107.19,4.24,-0.3888181818181817,-1.27,-0.2603333333333334,-0.2166666666666665,-14.196729181818183
VS_CANDIDATE_0349,Benzimidazole_Heterocycle,310.05,4.06,42.5,101.27,3.4,-0.9995454545454544,-1.2142857142857142,-0.4576666666666668,-0.9166666666666667,-14.191807025974027
VS_CANDIDATE_0014,Quinazoline_Core,300.16,2.51,97.56,81.26,4.26,-1.0894545454545452,0.35885714285714293,-1.1246666666666665,-0.20000000000000018,-14.19166083116883
VS_CANDIDATE_0201,Fluoronaphthalenol_Core,263.08,3.64,97.98,74.57,5.58,-1.4265454545454548,0.370857142857143,-1.3476666666666668,0.9000000000000001,-14.190441740259738
VS_CANDIDATE_0089,Indole_Carboxamide,291.16,3.51,72.28,91.4,2.63,-1.171272727272727,-0.3634285714285714,-0.7866666666666665,-1.5583333333333336,-14.186164584415586
VS_CANDIDATE_0232,Fluoronaphthalenol_Core,315.98,6.33,69.52,93.94,2.96,-0.9456363636363635,-0.4422857142857144,-0.7020000000000001,-1.2833333333333334,-14.181776935064935
VS_CANDIDATE_0087,Indole_Carboxamide,346.31,4.28,59.55,96.55,4.67,-0.6699090909090909,-0.7271428571428572,-0.6150000000000001,0.1416666666666666,-14.180073376623374
VS_CANDIDATE_0108,Triazine_Nanosheet_Binder,350.73,5.5,73.64,94.91,3.33,-0.6297272727272726,-0.32457142857142857,-0.6696666666666667,-0.975,-14.168530415584415
VS_CANDIDATE_0314,Benzimidazole_Heterocycle,297.05,5.58,73.71,86.83,4.33,-1.1177272727272727,-0.32257142857142873,-0.9390000000000001,-0.1416666666666666,-14.155434415584416
VS_CANDIDATE_0079,Indole_Carboxamide,320.67,5.11,67.98,91.26,4.2,-0.9029999999999998,-0.48628571428571415,-0.7913333333333331,-0.24999999999999986,-14.154421571428571
VS_CANDIDATE_0248,Fluoronaphthalenol_Core,313.43,3.85,54.59,91.77,5.5,-0.9688181818181818,-0.8688571428571428,-0.7743333333333334,0.8333333333333334,-14.148028896103897
VS_CANDIDATE_0329,Benzimidazole_Heterocycle,322.33,5.35,88.22,86.5,3.09,-0.8879090909090911,0.09199999999999997,-0.95,-1.1750000000000003,-14.131705090909088
VS_CANDIDATE_0047,Quinazoline_Core,245.21,5.05,104.29,70.58,4.36,-1.589,0.5511428571428573,-1.4806666666666668,-0.1166666666666664,-14.121464714285713
VS_CANDIDATE_0080,Indole_Carboxamide,282.69,4.56,75.09,85.78,3.12,-1.2482727272727272,-0.28314285714285703,-0.974,-1.15,-14.113406012987014
VS_CANDIDATE_0342,Benzimidazole_Heterocycle,269.53,2.9,102.96,72.5,4.52,-1.3679090909090912,0.513142857142857,-1.4166666666666667,0.016666666666666313,-14.105057805194805
VS_CANDIDATE_0339,Benzimidazole_Heterocycle,306.87,5.36,38.71,98.95,3.12,-1.0284545454545455,-1.3225714285714285,-0.5349999999999999,-1.15,-14.096314688311688
VS_CANDIDATE_0043,Quinazoline_Core,250.71,3.77,78.16,80.08,3.5,-1.539,-0.19542857142857153,-1.1640000000000001,-0.8333333333333334,-14.095817857142858
VS_CANDIDATE_0348,Benzimidazole_Heterocycle,332.84,3.85,41.86,94.0,6.22,-0.7923636363636366,-1.2325714285714287,-0.7,1.4333333333333331,-14.091068779220777
VS_CANDIDATE_0082,Indole_Carboxamide,288.2,2.43,63.06,85.16,4.92,-1.1981818181818182,-0.6268571428571428,-0.9946666666666668,0.35,-14.082329532467531
VS_CANDIDATE_0311,Benzimidazole_Heterocycle,301.02,5.6,44.93,93.03,4.48,-1.0816363636363637,-1.1448571428571428,-0.7323333333333333,-0.016666666666666313,-14.081908077922078
VS_CANDIDATE_0305,Benzimidazole_Heterocycle,263.6,3.69,91.85,72.57,5.38,-1.4218181818181816,0.19571428571428556,-1.4143333333333337,0.7333333333333333,-14.079104753246753
VS_CANDIDATE_0304,Benzimidazole_Heterocycle,307.41,5.4,61.18,90.6,3.4,-1.0235454545454543,-0.6805714285714286,-0.8133333333333336,-0.9166666666666667,-14.076001597402596
VS_CANDIDATE_0337,Benzimidazole_Heterocycle,391.71,3.98,39.53,104.86,3.93,-0.25718181818181834,-1.2991428571428572,-0.338,-0.47499999999999987,-14.075654103896104
VS_CANDIDATE_0042,Quinazoline_Core,285.97,3.81,96.78,77.84,3.03,-1.2184545454545452,0.3365714285714286,-1.2386666666666666,-1.2250000000000003,-14.070787402597402
VS_CANDIDATE_0315,Benzimidazole_Heterocycle,226.28,4.92,67.84,74.8,5.9,-1.761090909090909,-0.4902857142857142,-1.34,1.166666666666667,-14.069031480519481
VS_CANDIDATE_0224,Fluoronaphthalenol_Core,363.64,5.04,39.57,98.43,5.41,-0.5123636363636365,-1.298,-0.5523333333333331,0.7583333333333335,-14.063076636363636
VS_CANDIDATE_0343,Benzimidazole_Heterocycle,222.52,2.84,99.35,62.96,6.3,-1.7952727272727271,0.40999999999999986,-1.7346666666666666,1.5,-14.049316727272727
VS_CANDIDATE_0049,Quinazoline_Core,278.74,2.62,92.78,73.58,4.84,-1.284181818181818,0.2222857142857143,-1.3806666666666667,0.2833333333333332,-14.044569246753246
VS_CANDIDATE_0320,Benzimidazole_Heterocycle,307.22,4.09,80.34,81.22,4.36,-1.0252727272727271,-0.13314285714285704,-1.1260000000000001,-0.1166666666666664,-14.04082701298701
VS_CANDIDATE_0317,Benzimidazole_Heterocycle,243.15,4.81,106.9,64.13,5.23,-1.6077272727272727,0.6257142857142859,-1.6956666666666669,0.6083333333333337,-14.029377844155842
VS_CANDIDATE_0010,Quinazoline_Core,309.41,2.95,48.9,90.1,4.08,-1.0053636363636362,-1.0314285714285714,-0.8300000000000002,-0.35,-13.996281493506492
VS_CANDIDATE_0323,Benzimidazole_Heterocycle,333.37,3.45,64.7,88.37,3.7,-0.7875454545454545,-0.58,-0.8876666666666665,-0.6666666666666665,-13.995808454545456
VS_CANDIDATE_0333,Benzimidazole_Heterocycle,239.28,4.46,73.56,70.13,6.31,-1.6429090909090909,-0.3268571428571428,-1.495666666666667,1.508333333333333,-13.983689805194803
VS_CANDIDATE_0019,Quinazoline_Core,303.23,3.23,59.59,84.28,4.73,-1.0615454545454543,-0.7259999999999999,-1.024,0.19166666666666704,-13.983499454545452
VS_CANDIDATE_0327,Benzimidazole_Heterocycle,266.07,2.92,48.54,81.95,5.63,-1.3993636363636364,-1.0417142857142858,-1.1016666666666666,0.9416666666666667,-13.980077064935063
VS_CANDIDATE_0217,Fluoronaphthalenol_Core,310.11,5.81,33.93,91.56,4.9,-0.9989999999999999,-1.459142857142857,-0.7813333333333332,0.33333333333333365,-13.955697285714287
VS_CANDIDATE_0215,Fluoronaphthalenol_Core,308.22,3.83,76.64,81.34,3.21,-1.0161818181818179,-0.23885714285714285,-1.1219999999999999,-1.0750000000000002,-13.951520532467532
VS_CANDIDATE_0302,Benzimidazole_Heterocycle,237.45,5.27,86.4,63.75,5.87,-1.6595454545454547,0.04000000000000016,-1.7083333333333333,1.1416666666666668,-13.905265454545454
VS_CANDIDATE_0222,Fluoronaphthalenol_Core,341.58,4.52,32.06,91.12,5.83,-0.712909090909091,-1.5125714285714285,-0.7959999999999998,1.1083333333333334,-13.896957233766232
VS_CANDIDATE_0121,Triazine_Nanosheet_Binder,283.84,5.75,73.1,76.54,3.76,-1.2378181818181822,-0.34000000000000014,-1.2819999999999998,-0.6166666666666669,-13.893524181818183
VS_CANDIDATE_0076,Indole_Carboxamide,279.68,2.96,72.11,76.53,3.25,-1.2756363636363637,-0.3682857142857143,-1.2823333333333333,-1.0416666666666667,-13.869409935064933
VS_CANDIDATE_0067,Indole_Carboxamide,295.13,3.4,67.28,79.41,2.98,-1.1351818181818183,-0.5062857142857142,-1.1863333333333335,-1.2666666666666668,-13.84999338961039
VS_CANDIDATE_0301,Benzimidazole_Heterocycle,307.97,3.65,43.3,88.21,2.94,-1.0184545454545453,-1.1914285714285715,-0.8930000000000002,-1.3,-13.847676402597402
VS_CANDIDATE_0347,Benzimidazole_Heterocycle,236.1,5.12,42.01,75.64,5.6,-1.6718181818181819,-1.2282857142857144,-1.312,0.9166666666666664,-13.844010753246755
VS_CANDIDATE_0233,Fluoronaphthalenol_Core,273.82,5.83,68.28,73.31,4.33,-1.328909090909091,-0.4777142857142857,-1.3896666666666666,-0.1416666666666666,-13.82908351948052
VS_CANDIDATE_0046,Quinazoline_Core,323.14,5.03,48.82,87.8,2.68,-0.8805454545454546,-1.0337142857142858,-0.9066666666666667,-1.5166666666666666,-13.828152883116884
VS_CANDIDATE_0204,Fluoronaphthalenol_Core,268.32,3.74,72.13,72.03,4.0,-1.3789090909090909,-0.3677142857142858,-1.4323333333333332,-0.4166666666666667,-13.824076519480519
VS_CANDIDATE_0228,Fluoronaphthalenol_Core,272.67,6.52,39.98,82.0,4.14,-1.3393636363636363,-1.2862857142857145,-1.1,-0.30000000000000027,-13.818031207792208
VS_CANDIDATE_0325,Benzimidazole_Heterocycle,229.35,3.03,55.94,68.9,5.49,-1.7331818181818182,-0.8302857142857144,-1.5366666666666664,0.8250000000000002,-13.79517238961039
VS_CANDIDATE_0322,Benzimidazole_Heterocycle,218.13,4.93,95.18,58.48,3.56,-1.8351818181818182,0.29085714285714304,-1.8840000000000001,-0.7833333333333333,-13.769927103896103
VS_CANDIDATE_0338,Benzimidazole_Heterocycle,224.83,5.06,51.13,68.25,5.73,-1.7742727272727272,-0.9677142857142856,-1.5583333333333333,1.0250000000000004,-13.764768155844154
VS_CANDIDATE_0065,Indole_Carboxamide,273.72,2.87,63.85,74.68,3.06,-1.3298181818181816,-0.6042857142857142,-1.3439999999999999,-1.2,-13.762278753246754
VS_CANDIDATE_0303,Benzimidazole_Heterocycle,231.0,3.64,59.35,64.33,3.62,-1.7181818181818183,-0.7328571428571428,-1.689,-0.7333333333333333,-13.603729532467533
VS_CANDIDATE_0226,Fluoronaphthalenol_Core,261.34,4.34,33.35,68.9,3.6,-1.4423636363636365,-1.4757142857142858,-1.5366666666666664,-0.75,-13.433635064935064
